МОНЕТЫ(RSPP0@SLIDOTEKA.RU);https://hb.ru-msk.vkcs.cloud/sld-prod-cold/65923c42-bf51-464b-977e-792904faf479.pptx?X-Amz-Expires=432000&X-Amz-Algorithm=AWS4-HMAC-SHA256&X-Amz-Credential=4BvAAGxVbRSLB347BK9Xyi/20231017/us-east-1/s3/aws4_request&X-Amz-Date=20231017T104558Z&X-Amz-SignedHeaders=host&X-Amz-Signature=d39235e3f1feb8c11635ae1e6e746f024857e5b488742204a324c85ce9d9285f
ТЕМПЕРАМЕНТ, ХАРАКТЕР И СПОСОБНОСТИ(000001@EDU.FA.RU);https://hb.ru-msk.vkcs.cloud/sld-prod-cold/1c148b13-fc01-4853-9df6-755bbe7ded47.pptx?X-Amz-Expires=432000&X-Amz-Algorithm=AWS4-HMAC-SHA256&X-Amz-Credential=4BvAAGxVbRSLB347BK9Xyi/20231017/us-east-1/s3/aws4_request&X-Amz-Date=20231017T104558Z&X-Amz-SignedHeaders=host&X-Amz-Signature=0a683b15a88a2e3905110852855cef5ea1284cde7b65c9c714448422eda66a5f
ФАРА(RSPP0@SLIDOTEKA.RU);https://hb.ru-msk.vkcs.cloud/sld-prod-cold/23f2ee92-e737-4bec-b023-1053ce699b9b.pptx?X-Amz-Expires=432000&X-Amz-Algorithm=AWS4-HMAC-SHA256&X-Amz-Credential=4BvAAGxVbRSLB347BK9Xyi/20231017/us-east-1/s3/aws4_request&X-Amz-Date=20231017T104558Z&X-Amz-SignedHeaders=host&X-Amz-Signature=4551d50153fce78317e8abb8d6ec38d326726f40b822ec56683ab34c2ba181d7
ВЕНЕЦИЯ(RSPP0@SLIDOTEKA.RU);https://hb.ru-msk.vkcs.cloud/sld-prod-cold/66f0fb07-6fc1-4255-81d0-642bc2a0a632.pptx?X-Amz-Expires=432000&X-Amz-Algorithm=AWS4-HMAC-SHA256&X-Amz-Credential=4BvAAGxVbRSLB347BK9Xyi/20231017/us-east-1/s3/aws4_request&X-Amz-Date=20231017T104558Z&X-Amz-SignedHeaders=host&X-Amz-Signature=cae9485161f0893a1af4ce9f649494bc9a16aa958325d79c775f1506a9d7abc0
ТОСКАНА ВНЕ ВРЕМЕНИ(RSPP0@SLIDOTEKA.RU);https://hb.ru-msk.vkcs.cloud/sld-prod-cold/b884f831-797c-4f5e-bc60-c975e8e8b723.pptx?X-Amz-Expires=432000&X-Amz-Algorithm=AWS4-HMAC-SHA256&X-Amz-Credential=4BvAAGxVbRSLB347BK9Xyi/20231017/us-east-1/s3/aws4_request&X-Amz-Date=20231017T104558Z&X-Amz-SignedHeaders=host&X-Amz-Signature=f1eeb71fa9184b8aec909e05937f01ccc513591a48742c2bfa93a6f491aa9641
СКУЛЬПТУРЫ(RSPP0@SLIDOTEKA.RU);https://hb.ru-msk.vkcs.cloud/sld-prod-cold/73d6755a-1161-41a9-aa35-1381774acb7d.pptx?X-Amz-Expires=432000&X-Amz-Algorithm=AWS4-HMAC-SHA256&X-Amz-Credential=4BvAAGxVbRSLB347BK9Xyi/20231017/us-east-1/s3/aws4_request&X-Amz-Date=20231017T104558Z&X-Amz-SignedHeaders=host&X-Amz-Signature=8929c9ce2e86580d0e680c81dd4fa9bc15a8043393078d9ba103f251b8f3e4d8
ЛИДЕРСТВО 2(RSPP0@SLIDOTEKA.RU);https://hb.ru-msk.vkcs.cloud/sld-prod-cold/5abc0407-a38a-4e09-a7d6-bf8167d257ea.pptx?X-Amz-Expires=432000&X-Amz-Algorithm=AWS4-HMAC-SHA256&X-Amz-Credential=4BvAAGxVbRSLB347BK9Xyi/20231017/us-east-1/s3/aws4_request&X-Amz-Date=20231017T104558Z&X-Amz-SignedHeaders=host&X-Amz-Signature=afc94f685c6b0db50586ac8db2866b1c09ce607511823dd16f1dfcf0f099a8c8
КОНЦЕРТ БИ-2(RSPP0@SLIDOTEKA.RU);https://hb.ru-msk.vkcs.cloud/sld-prod-cold/3e733820-37b2-4cd2-acdf-4babd269fbd1.pptx?X-Amz-Expires=432000&X-Amz-Algorithm=AWS4-HMAC-SHA256&X-Amz-Credential=4BvAAGxVbRSLB347BK9Xyi/20231017/us-east-1/s3/aws4_request&X-Amz-Date=20231017T104558Z&X-Amz-SignedHeaders=host&X-Amz-Signature=837afd549681c35177013698d8965c198b80a7e3114f20f7f38cbb2bc271d286
ЛИДЕРСТВО 3(RSPP0@SLIDOTEKA.RU);https://hb.ru-msk.vkcs.cloud/sld-prod-cold/4baf1714-d5ab-48da-8b93-b38f2c9b985c.pptx?X-Amz-Expires=432000&X-Amz-Algorithm=AWS4-HMAC-SHA256&X-Amz-Credential=4BvAAGxVbRSLB347BK9Xyi/20231017/us-east-1/s3/aws4_request&X-Amz-Date=20231017T104558Z&X-Amz-SignedHeaders=host&X-Amz-Signature=697574d7c31f7f2e7597008d678cb726bb6bcaed046d18d90bdfe85d6dd96dd6
ЛИДЕРСТВО 1(RSPP0@SLIDOTEKA.RU);https://hb.ru-msk.vkcs.cloud/sld-prod-cold/a1fe74ab-9628-4b98-8ebe-88941686a5d3.pptx?X-Amz-Expires=432000&X-Amz-Algorithm=AWS4-HMAC-SHA256&X-Amz-Credential=4BvAAGxVbRSLB347BK9Xyi/20231017/us-east-1/s3/aws4_request&X-Amz-Date=20231017T104558Z&X-Amz-SignedHeaders=host&X-Amz-Signature=0f18f245ded264e00fb7e2164e5f0c1eab4e7b13d8fb3270c34e682148c8ee94
ТОСКАНА ВНЕ ВРЕМЕНИ 2(RSPP0@SLIDOTEKA.RU);https://hb.ru-msk.vkcs.cloud/sld-prod-cold/bfe7b3a6-999d-445b-9d65-e63828dc8eb9.pptx?X-Amz-Expires=432000&X-Amz-Algorithm=AWS4-HMAC-SHA256&X-Amz-Credential=4BvAAGxVbRSLB347BK9Xyi/20231017/us-east-1/s3/aws4_request&X-Amz-Date=20231017T104558Z&X-Amz-SignedHeaders=host&X-Amz-Signature=d9790267558c265b69651b778d65fdd627539eae95f557ffc426e35eb4e54075
ЛЕФКАДИЯ(RSPP0@SLIDOTEKA.RU);https://hb.ru-msk.vkcs.cloud/sld-prod-cold/6bab4055-c94d-4eea-acfe-1464e51f2ad8.pptx?X-Amz-Expires=432000&X-Amz-Algorithm=AWS4-HMAC-SHA256&X-Amz-Credential=4BvAAGxVbRSLB347BK9Xyi/20231017/us-east-1/s3/aws4_request&X-Amz-Date=20231017T104558Z&X-Amz-SignedHeaders=host&X-Amz-Signature=19e2e45f08228e55f821de33056882f69c1ce2235b60a667b0d868f19d53a975
НАСТРОЕНИЕ - ЛОНДОН(RSPP0@SLIDOTEKA.RU);https://hb.ru-msk.vkcs.cloud/sld-prod-cold/2673200d-356f-4c43-98f4-f1d56f950560.pptx?X-Amz-Expires=432000&X-Amz-Algorithm=AWS4-HMAC-SHA256&X-Amz-Credential=4BvAAGxVbRSLB347BK9Xyi/20231017/us-east-1/s3/aws4_request&X-Amz-Date=20231017T104558Z&X-Amz-SignedHeaders=host&X-Amz-Signature=ad5b8fa2a3569a59e6f4fb262d481417bd04702313367837254608a8cda3b0e1
КОНСТРУКТИВИЗМ(RSPP0@SLIDOTEKA.RU);https://hb.ru-msk.vkcs.cloud/sld-prod-cold/2ddf8770-de8d-455e-a89f-0e6a4543979d.pptx?X-Amz-Expires=432000&X-Amz-Algorithm=AWS4-HMAC-SHA256&X-Amz-Credential=4BvAAGxVbRSLB347BK9Xyi/20231017/us-east-1/s3/aws4_request&X-Amz-Date=20231017T104558Z&X-Amz-SignedHeaders=host&X-Amz-Signature=1661f947645770dc1f65d52045a5bdff2a31323a81911ce639ca462f2f775bf1
НАДГРОБИЯ(RSPP0@SLIDOTEKA.RU);https://hb.ru-msk.vkcs.cloud/sld-prod-cold/3f058c95-191e-4e9c-ab41-fff9766c7e70.pptx?X-Amz-Expires=432000&X-Amz-Algorithm=AWS4-HMAC-SHA256&X-Amz-Credential=4BvAAGxVbRSLB347BK9Xyi/20231017/us-east-1/s3/aws4_request&X-Amz-Date=20231017T104558Z&X-Amz-SignedHeaders=host&X-Amz-Signature=04dc0f979fa74660aef3beb088966ff49cf80d3a274569c05940bc30b182b60f
ПЕТЕРБУРГ(RSPP0@SLIDOTEKA.RU);https://hb.ru-msk.vkcs.cloud/sld-prod-cold/a2140d92-1fc7-427b-a372-c2d62b651241.pptx?X-Amz-Expires=432000&X-Amz-Algorithm=AWS4-HMAC-SHA256&X-Amz-Credential=4BvAAGxVbRSLB347BK9Xyi/20231017/us-east-1/s3/aws4_request&X-Amz-Date=20231017T104558Z&X-Amz-SignedHeaders=host&X-Amz-Signature=d4bf9845693a6dbcad9c1a36fee5aeae91c4ece8644bcfceacdc00e499f56296
РОССИЯ ВНЕ ВРЕМЕНИ(RSPP0@SLIDOTEKA.RU);https://hb.ru-msk.vkcs.cloud/sld-prod-cold/d4e6a681-4a82-478f-ae2b-64c6438ed719.pptx?X-Amz-Expires=432000&X-Amz-Algorithm=AWS4-HMAC-SHA256&X-Amz-Credential=4BvAAGxVbRSLB347BK9Xyi/20231017/us-east-1/s3/aws4_request&X-Amz-Date=20231017T104558Z&X-Amz-SignedHeaders=host&X-Amz-Signature=78d02af6d1795a61c25b615ef29e561bca9726c8dca0bc364004c58d7d4a3047
БАШНЯ ЮНИКРЕДИТ(RSPP0@SLIDOTEKA.RU);https://hb.ru-msk.vkcs.cloud/sld-prod-cold/f91d9c38-b855-4804-93fb-4e5081a24b8f.pptx?X-Amz-Expires=432000&X-Amz-Algorithm=AWS4-HMAC-SHA256&X-Amz-Credential=4BvAAGxVbRSLB347BK9Xyi/20231017/us-east-1/s3/aws4_request&X-Amz-Date=20231017T104558Z&X-Amz-SignedHeaders=host&X-Amz-Signature=9ec0a59bc0efedd07fbd6f212ded5b4ce84acbb62645b1e1ea6845cd95f99ba9
АНТИХРУПКОСТЬ_3(RSPP0@SLIDOTEKA.RU);https://hb.ru-msk.vkcs.cloud/sld-prod-cold/d91c78f2-729e-4f8a-8cce-d3547246159b.pptx?X-Amz-Expires=432000&X-Amz-Algorithm=AWS4-HMAC-SHA256&X-Amz-Credential=4BvAAGxVbRSLB347BK9Xyi/20231017/us-east-1/s3/aws4_request&X-Amz-Date=20231017T104558Z&X-Amz-SignedHeaders=host&X-Amz-Signature=dd6e8a555751837fb2de734baebe5b91c826e6c2c8967cf142921ddaf64648b8
IMPROVING SUSTAINABILITY (999011@EDU.FA.RU);https://hb.ru-msk.vkcs.cloud/sld-prod-cold/18da193d-a95e-4769-83b0-e5f357f112f2.pptx?X-Amz-Expires=432000&X-Amz-Algorithm=AWS4-HMAC-SHA256&X-Amz-Credential=4BvAAGxVbRSLB347BK9Xyi/20231017/us-east-1/s3/aws4_request&X-Amz-Date=20231017T104558Z&X-Amz-SignedHeaders=host&X-Amz-Signature=2b7c567cd27f9b8a6103feb9caf0355ea2fdc243b48fdb3dfa1dd50fa5966944
ИСКУССТВЕННЫЙ ИНТЕЛЛЕКТ(235927@EDU.FA.RU);https://hb.ru-msk.vkcs.cloud/sld-prod-cold/7399182b-ebb1-4d8a-aea6-0352ab2977e6.pptx?X-Amz-Expires=432000&X-Amz-Algorithm=AWS4-HMAC-SHA256&X-Amz-Credential=4BvAAGxVbRSLB347BK9Xyi/20231017/us-east-1/s3/aws4_request&X-Amz-Date=20231017T104558Z&X-Amz-SignedHeaders=host&X-Amz-Signature=acd2ee72546b9e6d5d401a82d266649cb6187b2e98fc1f5b47717ee66655c947
МЕЖДУНАРОДНОЕ СОТРУДНИЧЕСТВО ФУ(235916@EDU.FA.RU);https://hb.ru-msk.vkcs.cloud/sld-prod-cold/d894b6e5-6474-4faa-b50d-eaa54ae54d20.pptx?X-Amz-Expires=432000&X-Amz-Algorithm=AWS4-HMAC-SHA256&X-Amz-Credential=4BvAAGxVbRSLB347BK9Xyi/20231017/us-east-1/s3/aws4_request&X-Amz-Date=20231017T104558Z&X-Amz-SignedHeaders=host&X-Amz-Signature=c47e9d0f67f9efaef5d26d90bd32ab050f153853889c6f40997ba78c8435cbfa
LOW CARBON FDI (999011@EDU.FA.RU);https://hb.ru-msk.vkcs.cloud/sld-prod-cold/7b4fd9ad-f799-43c8-9a0d-4c36458e1660.pptx?X-Amz-Expires=432000&X-Amz-Algorithm=AWS4-HMAC-SHA256&X-Amz-Credential=4BvAAGxVbRSLB347BK9Xyi/20231017/us-east-1/s3/aws4_request&X-Amz-Date=20231017T104558Z&X-Amz-SignedHeaders=host&X-Amz-Signature=a4147ae71fcd26c77a4d23c20811a87a8803c2e6bcb92737dd027a0f11e616cf
РАЗМЫВАНИЕ ВАЛЮТНОЙ ДОЛЛАРОВОЙ АРХИТЕКТУРЫ - 1(999011@EDU.FA.RU);https://hb.ru-msk.vkcs.cloud/sld-prod-cold/5f2da742-befb-47a5-a81a-7b4adc63ecf1.pptx?X-Amz-Expires=432000&X-Amz-Algorithm=AWS4-HMAC-SHA256&X-Amz-Credential=4BvAAGxVbRSLB347BK9Xyi/20231017/us-east-1/s3/aws4_request&X-Amz-Date=20231017T104558Z&X-Amz-SignedHeaders=host&X-Amz-Signature=2a2c6222517c50cffa7b6e69211c907a3411b5ff1a812577dabfa85707e61223
DEVELOPMENT OF A WIKI TO PROMOTE FINANCIAL RESEARCH COLLABORATION(999011@EDU.FA.RU);https://hb.ru-msk.vkcs.cloud/sld-prod-cold/e0e73a92-2581-4df7-b355-4026402ccb3b.pptx?X-Amz-Expires=432000&X-Amz-Algorithm=AWS4-HMAC-SHA256&X-Amz-Credential=4BvAAGxVbRSLB347BK9Xyi/20231017/us-east-1/s3/aws4_request&X-Amz-Date=20231017T104558Z&X-Amz-SignedHeaders=host&X-Amz-Signature=1a93d652ffcaf8d3b477668121fc8f806c785fcb95019b925463a3e02f76db2c
НЕОРТОДОКСАЛЬНАЯ ЭКОНОМИКА (999011@EDU.FA.RU);https://hb.ru-msk.vkcs.cloud/sld-prod-cold/c1a26dfa-01eb-4320-8ef8-777f51d632ae.pptx?X-Amz-Expires=432000&X-Amz-Algorithm=AWS4-HMAC-SHA256&X-Amz-Credential=4BvAAGxVbRSLB347BK9Xyi/20231017/us-east-1/s3/aws4_request&X-Amz-Date=20231017T104558Z&X-Amz-SignedHeaders=host&X-Amz-Signature=b4e97b30e0bccddb30b5144af41de6fdb92c7685d07503bb8024ee84fa24d0c4
РАЗМЫВАНИЕ ВАЛЮТНОЙ ГЕГЕМОНИИ США (999011@EDU.FA.RU);https://hb.ru-msk.vkcs.cloud/sld-prod-cold/2de9a8b9-3986-4c14-914b-60fdab6c0aa5.pptx?X-Amz-Expires=432000&X-Amz-Algorithm=AWS4-HMAC-SHA256&X-Amz-Credential=4BvAAGxVbRSLB347BK9Xyi/20231017/us-east-1/s3/aws4_request&X-Amz-Date=20231017T104558Z&X-Amz-SignedHeaders=host&X-Amz-Signature=ed69e33ed394eb166c89fffc4b5e9c88334bc3837128431d19a0a393bed8e08d
АНАЛИЗ РОССИЙСКОГО И МИРОВОГО РЫНКА РАЗВИТИЯ ТЕХНОЛОГИИ БЛОКЧЕЙН (999011@EDU.FA.RU);https://hb.ru-msk.vkcs.cloud/sld-prod-cold/12f5f7e0-cf94-47fd-95f3-33ef2c51a679.ppt?X-Amz-Expires=432000&X-Amz-Algorithm=AWS4-HMAC-SHA256&X-Amz-Credential=4BvAAGxVbRSLB347BK9Xyi/20231017/us-east-1/s3/aws4_request&X-Amz-Date=20231017T104558Z&X-Amz-SignedHeaders=host&X-Amz-Signature=b520956a1b492b9e4154b342582758ce35bbaa9b9880ef8e081df5d7cd92394a
НЕРАВНОМЕРНОСТЬ КАРБОНОВОГО НАЛОГООБЛОЖЕНИЯ (999011@EDU.FA.RU);https://hb.ru-msk.vkcs.cloud/sld-prod-cold/52207817-a27c-4d3f-a6fd-d07a27c2d8cf.pptx?X-Amz-Expires=432000&X-Amz-Algorithm=AWS4-HMAC-SHA256&X-Amz-Credential=4BvAAGxVbRSLB347BK9Xyi/20231017/us-east-1/s3/aws4_request&X-Amz-Date=20231017T104558Z&X-Amz-SignedHeaders=host&X-Amz-Signature=3a3470b6bd84fba330690d3b043ea6b032035968a8e262de90a4d1639c1d9f28
IMPROVING RECRUITMENT AND RETENTION (999011@EDU.FA.RU);https://hb.ru-msk.vkcs.cloud/sld-prod-cold/a9437906-38b2-4a5b-a23d-4d9b84bc5bfb.pptx?X-Amz-Expires=432000&X-Amz-Algorithm=AWS4-HMAC-SHA256&X-Amz-Credential=4BvAAGxVbRSLB347BK9Xyi/20231017/us-east-1/s3/aws4_request&X-Amz-Date=20231017T104558Z&X-Amz-SignedHeaders=host&X-Amz-Signature=e6f4fd70963f6732a530a95fe369e8e36563656b565c0c15257b7b40795d4d3d
ТЕХНОЛОГИИ ESG-ТРАНСФОРМАЦИИ  ЭКОНОМИКИ БОЛЬШОЙ ЕВРАЗИИ(999011@EDU.FA.RU);https://hb.ru-msk.vkcs.cloud/sld-prod-cold/5933cd94-277d-4dcb-9163-ebb82aafc0ba.pptx?X-Amz-Expires=432000&X-Amz-Algorithm=AWS4-HMAC-SHA256&X-Amz-Credential=4BvAAGxVbRSLB347BK9Xyi/20231017/us-east-1/s3/aws4_request&X-Amz-Date=20231017T104558Z&X-Amz-SignedHeaders=host&X-Amz-Signature=5ca6355f97ff6e394680aec5438d8fd561dfd5479fdca6d3607618debf41b1ea
РАЗМЫВАНИЕ ГЕГЕМОНИИ ДОЛЛАРА США - 2(999011@EDU.FA.RU);https://hb.ru-msk.vkcs.cloud/sld-prod-cold/1cd8d6ad-02a0-4272-8f28-7d9879b99aa5.pptx?X-Amz-Expires=432000&X-Amz-Algorithm=AWS4-HMAC-SHA256&X-Amz-Credential=4BvAAGxVbRSLB347BK9Xyi/20231017/us-east-1/s3/aws4_request&X-Amz-Date=20231017T104558Z&X-Amz-SignedHeaders=host&X-Amz-Signature=407fa34ed6f665ec19f4e88b9f9531b79fec034c533ae0239742b1f00179ce24
СИСТЕМНАЯ ДИНАМИКА ВАЛЮТНОЙ ГЕГЕМОНИИ (999011@EDU.FA.RU);https://hb.ru-msk.vkcs.cloud/sld-prod-cold/8742661d-18ba-475b-aedd-3f03157b655f.pptx?X-Amz-Expires=432000&X-Amz-Algorithm=AWS4-HMAC-SHA256&X-Amz-Credential=4BvAAGxVbRSLB347BK9Xyi/20231017/us-east-1/s3/aws4_request&X-Amz-Date=20231017T104558Z&X-Amz-SignedHeaders=host&X-Amz-Signature=1f52575ba7b2667990a550311cfa6d8a6ea4cdf13cdbb2e3f8826e77ac8f055c
АГЕНТНОЕ МОДЕЛИРОВАНИЕ СОЦИАЛЬНОЙ ДИНАМИКИ (999011@EDU.FA.RU);https://hb.ru-msk.vkcs.cloud/sld-prod-cold/c672c3a9-a9d9-4cbb-9025-b6d96c4913b9.pptx?X-Amz-Expires=432000&X-Amz-Algorithm=AWS4-HMAC-SHA256&X-Amz-Credential=4BvAAGxVbRSLB347BK9Xyi/20231017/us-east-1/s3/aws4_request&X-Amz-Date=20231017T104558Z&X-Amz-SignedHeaders=host&X-Amz-Signature=ed176b7433a4eb73fec169c548dc492b4b0fba74fb6923725b899fd4b99b35cb
VALUE AT RISK (VAR)(999011@EDU.FA.RU);https://hb.ru-msk.vkcs.cloud/sld-prod-cold/e5e4ad89-69dd-4801-93d0-9fdcffb0cc67.ppt?X-Amz-Expires=432000&X-Amz-Algorithm=AWS4-HMAC-SHA256&X-Amz-Credential=4BvAAGxVbRSLB347BK9Xyi/20231017/us-east-1/s3/aws4_request&X-Amz-Date=20231017T104558Z&X-Amz-SignedHeaders=host&X-Amz-Signature=131bfcfdb35ab23859edc6d7300259894e465d21425a5aff6a0b9a929519b95d
ПЛАН УСТАНОВЛЕНИЯ ИНТЕРНЕТ-КОНТАКТОВ С АНГОЛОЙ (999011@EDU.FA.RU);https://hb.ru-msk.vkcs.cloud/sld-prod-cold/f06814c3-d4fe-42a2-b646-aa07a9e4f4ea.pptx?X-Amz-Expires=432000&X-Amz-Algorithm=AWS4-HMAC-SHA256&X-Amz-Credential=4BvAAGxVbRSLB347BK9Xyi/20231017/us-east-1/s3/aws4_request&X-Amz-Date=20231017T104558Z&X-Amz-SignedHeaders=host&X-Amz-Signature=baba77523527e58fe715e269f756e5aad3fd2eecc588410306a1f575d858679f
EY REBRANDING (999011@EDU.FA.RU);https://hb.ru-msk.vkcs.cloud/sld-prod-cold/87893b48-70d0-49d2-a793-ea02df976499.pptx?X-Amz-Expires=432000&X-Amz-Algorithm=AWS4-HMAC-SHA256&X-Amz-Credential=4BvAAGxVbRSLB347BK9Xyi/20231017/us-east-1/s3/aws4_request&X-Amz-Date=20231017T104558Z&X-Amz-SignedHeaders=host&X-Amz-Signature=400d60ce35caca7cabf3d68a2597c64b7af47265573d82bc8cd62ee5dc36b999
ВОПРОСЫ АРКТИЧЕСКОЙ ЛОГИСТИКИ И РАЗВИТИЕ СЕВЕРНОГО МОРСКОГО ПУТИ(999011@EDU.FA.RU);https://hb.ru-msk.vkcs.cloud/sld-prod-cold/c21a4d1d-3d69-4697-bd4e-fe10ecd60e4c.pptx?X-Amz-Expires=432000&X-Amz-Algorithm=AWS4-HMAC-SHA256&X-Amz-Credential=4BvAAGxVbRSLB347BK9Xyi/20231017/us-east-1/s3/aws4_request&X-Amz-Date=20231017T104558Z&X-Amz-SignedHeaders=host&X-Amz-Signature=d122ecbf2e43c2620a0274c615e438d8f32001484749e4f5cc97be9a1e9dcd16
МЕЖДУНАРОДНЫЕ ФИНАНСЫ, ХЕДЖИРОВАНИЕ ПОГОДНЫХ РИСКОВ И СТОХАСТИЧЕСКАЯ СИСТЕМНАЯ ДИНАМИКА(999011@EDU.FA.RU);https://hb.ru-msk.vkcs.cloud/sld-prod-cold/207aecb2-c7c4-4257-9c33-a0d4bf93914b.pptx?X-Amz-Expires=432000&X-Amz-Algorithm=AWS4-HMAC-SHA256&X-Amz-Credential=4BvAAGxVbRSLB347BK9Xyi/20231017/us-east-1/s3/aws4_request&X-Amz-Date=20231017T104558Z&X-Amz-SignedHeaders=host&X-Amz-Signature=e52319777152b16fe1859b5566ce61a76b31c554b191beb4ebe36ea99ddfeb08
О ВНЕДРЕНИИ LMS MOODLE В ФИНАНСОВОМ УНИВЕРСИТЕТЕ(999011@EDU.FA.RU);https://hb.ru-msk.vkcs.cloud/sld-prod-cold/1f82fc58-8516-4167-8086-034d5c91ef7f.pptx?X-Amz-Expires=432000&X-Amz-Algorithm=AWS4-HMAC-SHA256&X-Amz-Credential=4BvAAGxVbRSLB347BK9Xyi/20231017/us-east-1/s3/aws4_request&X-Amz-Date=20231017T104558Z&X-Amz-SignedHeaders=host&X-Amz-Signature=e6da3b3203fdbef7b9142560a4f032266ffa846050edf55269ac8dbe3fd4c3b8
BEHAVIORAL FINANCE, SOCIAL DYNAMICS, AND AGENT-BASED MODELING(999011@EDU.FA.RU);https://hb.ru-msk.vkcs.cloud/sld-prod-cold/78602871-c97b-491f-9397-2c67c6aa0541.pptx?X-Amz-Expires=432000&X-Amz-Algorithm=AWS4-HMAC-SHA256&X-Amz-Credential=4BvAAGxVbRSLB347BK9Xyi/20231017/us-east-1/s3/aws4_request&X-Amz-Date=20231017T104558Z&X-Amz-SignedHeaders=host&X-Amz-Signature=f36fe5464eeb26bfdcb76d16128f289d08559452a3d5f04e9d0faff69dc2248b
АГЕНТНОЕ МОДЕЛИРОВАНИЕ ПРОЦЕССОВ РАЗВИТИЯ НАЛОГОВОГО АДМИНИСТРИРОВАНИЯ (999011@EDU.FA.RU);https://hb.ru-msk.vkcs.cloud/sld-prod-cold/7f7fdad8-8f02-4259-b2c7-b4775c0373d3.pptx?X-Amz-Expires=432000&X-Amz-Algorithm=AWS4-HMAC-SHA256&X-Amz-Credential=4BvAAGxVbRSLB347BK9Xyi/20231017/us-east-1/s3/aws4_request&X-Amz-Date=20231017T104558Z&X-Amz-SignedHeaders=host&X-Amz-Signature=f4e848530833727adf2b0854571e957ad269baba6919c07184ff726a737955c6
ВОЗМОЖНОСТИ И ПРЕДЕЛЫ МАТЕМАТИЧЕСКИХ МОДЕЛЕЙ В СОЦИАЛЬНО-ЭКОНОМИЧЕСКИХ ИССЛЕДОВАНИЯХ(999011@EDU.FA.RU);https://hb.ru-msk.vkcs.cloud/sld-prod-cold/2bf31204-b308-4e30-bc28-02669fe98e6b.pptx?X-Amz-Expires=432000&X-Amz-Algorithm=AWS4-HMAC-SHA256&X-Amz-Credential=4BvAAGxVbRSLB347BK9Xyi/20231017/us-east-1/s3/aws4_request&X-Amz-Date=20231017T104558Z&X-Amz-SignedHeaders=host&X-Amz-Signature=eb9f129cdb238f3d0bbda753725d0f1905739c1572724439f671c384ee7c47d4
АГЕНТНОЕ МОДЕЛИРОВАНИЕ ДИНАМИКИ МЕЖКУЛЬТУРНОЙ КОММУНИКАЦИИ (999011@EDU.FA.RU);https://hb.ru-msk.vkcs.cloud/sld-prod-cold/38bd022a-5158-4a80-ba79-55cab460a789.pptx?X-Amz-Expires=432000&X-Amz-Algorithm=AWS4-HMAC-SHA256&X-Amz-Credential=4BvAAGxVbRSLB347BK9Xyi/20231017/us-east-1/s3/aws4_request&X-Amz-Date=20231017T104558Z&X-Amz-SignedHeaders=host&X-Amz-Signature=236092fabbfb5a97ff47d07acea487aa4a1d2c8b205a2192139de2ed94607e4d
THE ICE SILK ROAD AND ARCTIC STRATEGY OF CHINA(999011@EDU.FA.RU);https://hb.ru-msk.vkcs.cloud/sld-prod-cold/cef213f6-1706-4800-b3fd-69bba8c60fdb.pptx?X-Amz-Expires=432000&X-Amz-Algorithm=AWS4-HMAC-SHA256&X-Amz-Credential=4BvAAGxVbRSLB347BK9Xyi/20231017/us-east-1/s3/aws4_request&X-Amz-Date=20231017T104558Z&X-Amz-SignedHeaders=host&X-Amz-Signature=34e3d5697f028682a516ddce8b66b9a0aa21ffdc27a285e2fd686023090181ab
IMPLEMENTATION OF DISTRIBUTED LEDGERS FOR MARKETS OF ENERGETIC FINANCIAL DERIVATIVES(999011@EDU.FA.RU);https://hb.ru-msk.vkcs.cloud/sld-prod-cold/61f0dafb-5565-4cdf-92bf-0c673d8a5d0d.pptx?X-Amz-Expires=432000&X-Amz-Algorithm=AWS4-HMAC-SHA256&X-Amz-Credential=4BvAAGxVbRSLB347BK9Xyi/20231017/us-east-1/s3/aws4_request&X-Amz-Date=20231017T104558Z&X-Amz-SignedHeaders=host&X-Amz-Signature=4acd20960b9ce99142f065649bd64c0265ed073394736889872b6fd64a095c40
COMMUNITY DISCLOSURE PRACTICES IN SAUDI ARABIAN FIRMS: ITS DETERMINANTS AND IMPACT ON PERFORMANCE(999011@EDU.FA.RU);https://hb.ru-msk.vkcs.cloud/sld-prod-cold/d0919668-2201-4a95-bff6-3b70f17799ce.pptx?X-Amz-Expires=432000&X-Amz-Algorithm=AWS4-HMAC-SHA256&X-Amz-Credential=4BvAAGxVbRSLB347BK9Xyi/20231017/us-east-1/s3/aws4_request&X-Amz-Date=20231017T104558Z&X-Amz-SignedHeaders=host&X-Amz-Signature=44ce45a6a196c19371191d1e86e68c1de22ca02185dd4496bade1247c6841871
МЕТОДЫ АНАЛИЗА МАКРОЭКОНОМИЧЕСКОГО РЕГУЛИРОВАНИЯ НА ФИНАНСОВЫХ РЫНКАХ(999011@EDU.FA.RU);https://hb.ru-msk.vkcs.cloud/sld-prod-cold/8f14275d-4f69-4a76-af33-433a6c83f458.pptx?X-Amz-Expires=432000&X-Amz-Algorithm=AWS4-HMAC-SHA256&X-Amz-Credential=4BvAAGxVbRSLB347BK9Xyi/20231017/us-east-1/s3/aws4_request&X-Amz-Date=20231017T104558Z&X-Amz-SignedHeaders=host&X-Amz-Signature=21d0ea2da69b4d360ef9cd7bf80ef9ff30e45b558576617a1cfb8d1570c7e11e
MODERNIZATION OF FOOD RETAILING SYSTEM IN VIETNAM(999011@EDU.FA.RU);https://hb.ru-msk.vkcs.cloud/sld-prod-cold/1854abf2-76d7-477c-8f2e-987851ce6dff.pptx?X-Amz-Expires=432000&X-Amz-Algorithm=AWS4-HMAC-SHA256&X-Amz-Credential=4BvAAGxVbRSLB347BK9Xyi/20231017/us-east-1/s3/aws4_request&X-Amz-Date=20231017T104558Z&X-Amz-SignedHeaders=host&X-Amz-Signature=6acc3fed66d7ceee270f8821998243ac1b160d1e19f0326bef354f3ad6a39b49
MODERN MODELS OF ANALYSIS OF CURRENCY MARKETS INTEGRATION PROCESSES IN ASIA(999011@EDU.FA.RU);https://hb.ru-msk.vkcs.cloud/sld-prod-cold/887ad3b4-ad2f-4dfc-bbef-c8ce38c1f41f.pptx?X-Amz-Expires=432000&X-Amz-Algorithm=AWS4-HMAC-SHA256&X-Amz-Credential=4BvAAGxVbRSLB347BK9Xyi/20231017/us-east-1/s3/aws4_request&X-Amz-Date=20231017T104558Z&X-Amz-SignedHeaders=host&X-Amz-Signature=5a05eb0616e624d166082227b88ef2856ff357a9a1ff7bdac705090c9a30e0a4
ACCOUNTING AND FINANCE IN THE ERA OF DIGITAL ASSETS, BIG DATA AND BLOCKCHAIN TECHNOLOGY(999011@EDU.FA.RU);https://hb.ru-msk.vkcs.cloud/sld-prod-cold/a35eb580-6051-432c-8b8f-083996da0ed3.pptx?X-Amz-Expires=432000&X-Amz-Algorithm=AWS4-HMAC-SHA256&X-Amz-Credential=4BvAAGxVbRSLB347BK9Xyi/20231017/us-east-1/s3/aws4_request&X-Amz-Date=20231017T104558Z&X-Amz-SignedHeaders=host&X-Amz-Signature=1ad622a0c3b021cacdb167d39598334ab4d9adde0692829a87635f89d8a271d6
WEATHER RISKS HEDGING BY FINANCIAL DERIVATIVES(999011@EDU.FA.RU);https://hb.ru-msk.vkcs.cloud/sld-prod-cold/c667b8ba-570d-445f-b3ca-8e1d638e83db.pptx?X-Amz-Expires=432000&X-Amz-Algorithm=AWS4-HMAC-SHA256&X-Amz-Credential=4BvAAGxVbRSLB347BK9Xyi/20231017/us-east-1/s3/aws4_request&X-Amz-Date=20231017T104558Z&X-Amz-SignedHeaders=host&X-Amz-Signature=d9513897e96d104470b4f3e906b1eeeaf427131c813d66d51e9c4b00a8b64eb8
ЭКОНОМИКА ТРУДА И АГРЕГАТОРЫ CES(999011@EDU.FA.RU);https://hb.ru-msk.vkcs.cloud/sld-prod-cold/c125efa6-cf1e-48c6-a609-8e215fdb7ee0.pptx?X-Amz-Expires=432000&X-Amz-Algorithm=AWS4-HMAC-SHA256&X-Amz-Credential=4BvAAGxVbRSLB347BK9Xyi/20231017/us-east-1/s3/aws4_request&X-Amz-Date=20231017T104558Z&X-Amz-SignedHeaders=host&X-Amz-Signature=23b23f882bf51499888b12ba1b077429c7ddc252179454f524c4a26c58ef3e56
СЦЕНАРНЫЙ АНАЛИЗ – БАЗОВОЕ ВВЕДЕНИЕ(999011@EDU.FA.RU);https://hb.ru-msk.vkcs.cloud/sld-prod-cold/2d66001f-4096-425b-b536-f29257a6adfc.pptx?X-Amz-Expires=432000&X-Amz-Algorithm=AWS4-HMAC-SHA256&X-Amz-Credential=4BvAAGxVbRSLB347BK9Xyi/20231017/us-east-1/s3/aws4_request&X-Amz-Date=20231017T104558Z&X-Amz-SignedHeaders=host&X-Amz-Signature=9a5e5768309b5cd2ea8b1341e495e01606159ce8c7e059ca866352cb3d96ede3
«ЗЕЛЕНЫЕ ФИНАНСЫ» В МИРЕ И РОССИИ(999011@EDU.FA.RU);https://hb.ru-msk.vkcs.cloud/sld-prod-cold/7083f7cc-8bd2-4b70-8bfa-333204b3e0b7.pptx?X-Amz-Expires=432000&X-Amz-Algorithm=AWS4-HMAC-SHA256&X-Amz-Credential=4BvAAGxVbRSLB347BK9Xyi/20231017/us-east-1/s3/aws4_request&X-Amz-Date=20231017T104558Z&X-Amz-SignedHeaders=host&X-Amz-Signature=965ec55ec15b3ed07dcfbc9a927aa72b834e4e5011b71d22a814cb56fb45b079
DSGE MODELS AS A TOOL FOR MONETARY POLICY ANALYSIS IN EU(999011@EDU.FA.RU);https://hb.ru-msk.vkcs.cloud/sld-prod-cold/8305a291-00f5-4edf-8fd2-0824cb2fdce5.pptx?X-Amz-Expires=432000&X-Amz-Algorithm=AWS4-HMAC-SHA256&X-Amz-Credential=4BvAAGxVbRSLB347BK9Xyi/20231017/us-east-1/s3/aws4_request&X-Amz-Date=20231017T104558Z&X-Amz-SignedHeaders=host&X-Amz-Signature=f6428dbe6cef863e8c7aff59bc9f287fc9851fc61f2157951ff28fda900553a4
PORTFOLIO OF MITIGATION/ADAPTATION POLICY OPTIONS FOR RUSSIA (999011@EDU.FA.RU);https://hb.ru-msk.vkcs.cloud/sld-prod-cold/f128e31e-631b-4387-94a4-eb0b8300b77e.pptx?X-Amz-Expires=432000&X-Amz-Algorithm=AWS4-HMAC-SHA256&X-Amz-Credential=4BvAAGxVbRSLB347BK9Xyi/20231017/us-east-1/s3/aws4_request&X-Amz-Date=20231017T104558Z&X-Amz-SignedHeaders=host&X-Amz-Signature=4147dae03ed8ac4fa4649a37a3b8accdd049cd282b2c906fd033f0c449d3cffe
ПОЛИТЭКОНОМИЯ. КАРЛ МАРКС.(236343@EDU.FA.RU);https://hb.ru-msk.vkcs.cloud/sld-prod-cold/1cc6b864-d603-44cc-8c1c-864a961a09cc.pptx?X-Amz-Expires=432000&X-Amz-Algorithm=AWS4-HMAC-SHA256&X-Amz-Credential=4BvAAGxVbRSLB347BK9Xyi/20231017/us-east-1/s3/aws4_request&X-Amz-Date=20231017T104558Z&X-Amz-SignedHeaders=host&X-Amz-Signature=b967b2374514f2200b58aaa8e9b8d71bfcc5a4f32e47b593a41a784873515adc
ИСТОРИЯ ПРЕДАТЕЛЬСТВА. (236343@EDU.FA.RU);https://hb.ru-msk.vkcs.cloud/sld-prod-cold/e25923ae-e3cc-43eb-8116-78042f926d89.pptx?X-Amz-Expires=432000&X-Amz-Algorithm=AWS4-HMAC-SHA256&X-Amz-Credential=4BvAAGxVbRSLB347BK9Xyi/20231017/us-east-1/s3/aws4_request&X-Amz-Date=20231017T104558Z&X-Amz-SignedHeaders=host&X-Amz-Signature=d36324c37f65be650e7da42f6d18978aadb2316e9ee085983cf0f470963144bb
ТЕОРИЯ ГЕГЕМОНИЧЕСКОЙ СТАБИЛЬНОСТИ(999011@EDU.FA.RU);https://hb.ru-msk.vkcs.cloud/sld-prod-cold/1bdda3c8-859e-4bd3-acba-0ea719884889.pptx?X-Amz-Expires=432000&X-Amz-Algorithm=AWS4-HMAC-SHA256&X-Amz-Credential=4BvAAGxVbRSLB347BK9Xyi/20231017/us-east-1/s3/aws4_request&X-Amz-Date=20231017T104558Z&X-Amz-SignedHeaders=host&X-Amz-Signature=a8ea36cf842279e847958520f12cc6ddf0aa7e0b1f152863813376625968e62b
АНТИХРУПКОСТЬ 2(RSPP0@SLIDOTEKA.RU);https://hb.ru-msk.vkcs.cloud/sld-prod-cold/da3ed8d5-ac59-4d22-88ef-862fbceb59f9.pptx?X-Amz-Expires=432000&X-Amz-Algorithm=AWS4-HMAC-SHA256&X-Amz-Credential=4BvAAGxVbRSLB347BK9Xyi/20231017/us-east-1/s3/aws4_request&X-Amz-Date=20231017T104558Z&X-Amz-SignedHeaders=host&X-Amz-Signature=02f340f181e1dc7c2db15c1c26c56c66839ed2554f24303c402405eba349d06e
АНТИХРУПКОСТЬ 1(RSPP0@SLIDOTEKA.RU);https://hb.ru-msk.vkcs.cloud/sld-prod-cold/85648a53-6e95-465f-920f-e8c3c5fb11c4.pptx?X-Amz-Expires=432000&X-Amz-Algorithm=AWS4-HMAC-SHA256&X-Amz-Credential=4BvAAGxVbRSLB347BK9Xyi/20231017/us-east-1/s3/aws4_request&X-Amz-Date=20231017T104558Z&X-Amz-SignedHeaders=host&X-Amz-Signature=3e602c0dd19336a646ad88644d66b943c278ecd1ef6219d70004fecd5eb7ccd5
