ЛИДЕРСТВО 2;rspp0;https://hb.ru-msk.vkcs.cloud/sld-prod-cold/5abc0407-a38a-4e09-a7d6-bf8167d257ea.pptx?X-Amz-Expires=432000&X-Amz-Algorithm=AWS4-HMAC-SHA256&X-Amz-Credential=4BvAAGxVbRSLB347BK9Xyi/20231101/us-east-1/s3/aws4_request&X-Amz-Date=20231101T133254Z&X-Amz-SignedHeaders=host&X-Amz-Signature=835084290f13b23b2a97b1f44f1a3d1a62c7f966595b8811dce7c7e34cd1aba7
КОНЦЕРТ БИ-2;rspp0;https://hb.ru-msk.vkcs.cloud/sld-prod-cold/3e733820-37b2-4cd2-acdf-4babd269fbd1.pptx?X-Amz-Expires=432000&X-Amz-Algorithm=AWS4-HMAC-SHA256&X-Amz-Credential=4BvAAGxVbRSLB347BK9Xyi/20231101/us-east-1/s3/aws4_request&X-Amz-Date=20231101T133254Z&X-Amz-SignedHeaders=host&X-Amz-Signature=ecdf998771c3e868344220f0bf4e92460584847e8657578827f912bba89be799
ЛИДЕРСТВО 3;rspp0;https://hb.ru-msk.vkcs.cloud/sld-prod-cold/4baf1714-d5ab-48da-8b93-b38f2c9b985c.pptx?X-Amz-Expires=432000&X-Amz-Algorithm=AWS4-HMAC-SHA256&X-Amz-Credential=4BvAAGxVbRSLB347BK9Xyi/20231101/us-east-1/s3/aws4_request&X-Amz-Date=20231101T133254Z&X-Amz-SignedHeaders=host&X-Amz-Signature=256176710b924f29ef369627aa63a465c9fa7ac9264d24365988a2fa68b845fb
АНТИХРУПКОСТЬ 2;rspp0;https://hb.ru-msk.vkcs.cloud/sld-prod-cold/da3ed8d5-ac59-4d22-88ef-862fbceb59f9.pptx?X-Amz-Expires=432000&X-Amz-Algorithm=AWS4-HMAC-SHA256&X-Amz-Credential=4BvAAGxVbRSLB347BK9Xyi/20231101/us-east-1/s3/aws4_request&X-Amz-Date=20231101T133254Z&X-Amz-SignedHeaders=host&X-Amz-Signature=c49ad6debfe414660be05bebb6e78eb48e9d6b01c29556e4cdaea82a9d266377
ЛИДЕРСТВО 1;rspp0;https://hb.ru-msk.vkcs.cloud/sld-prod-cold/a1fe74ab-9628-4b98-8ebe-88941686a5d3.pptx?X-Amz-Expires=432000&X-Amz-Algorithm=AWS4-HMAC-SHA256&X-Amz-Credential=4BvAAGxVbRSLB347BK9Xyi/20231101/us-east-1/s3/aws4_request&X-Amz-Date=20231101T133254Z&X-Amz-SignedHeaders=host&X-Amz-Signature=c67e6572ffa864172db20318773c9fcba4f69b4083afbb25fadeb9669f82830f
ВВОДНЫЙ ОБЗОР РАЗВИТИЯ ФИНАНСОВЫХ ТЕХНОЛОГИЙ ЧАСТЬ 4;rspp0;https://hb.ru-msk.vkcs.cloud/sld-prod-cold/1bcdd45d-c1ca-4313-99fd-fa34af0609ea.pptx?X-Amz-Expires=432000&X-Amz-Algorithm=AWS4-HMAC-SHA256&X-Amz-Credential=4BvAAGxVbRSLB347BK9Xyi/20231101/us-east-1/s3/aws4_request&X-Amz-Date=20231101T133254Z&X-Amz-SignedHeaders=host&X-Amz-Signature=cfffbb416479a3353c29eca31e09b69ab75396c345a91189627f87329e2e15bb
ТОСКАНА ВНЕ ВРЕМЕНИ 2;rspp0;https://hb.ru-msk.vkcs.cloud/sld-prod-cold/bfe7b3a6-999d-445b-9d65-e63828dc8eb9.pptx?X-Amz-Expires=432000&X-Amz-Algorithm=AWS4-HMAC-SHA256&X-Amz-Credential=4BvAAGxVbRSLB347BK9Xyi/20231101/us-east-1/s3/aws4_request&X-Amz-Date=20231101T133254Z&X-Amz-SignedHeaders=host&X-Amz-Signature=c717a0b30bed7a710626189b1650d340fa4ab2a9167cc6ab8522f47c0f7a8875
ЛЕФКАДИЯ;rspp0;https://hb.ru-msk.vkcs.cloud/sld-prod-cold/6bab4055-c94d-4eea-acfe-1464e51f2ad8.pptx?X-Amz-Expires=432000&X-Amz-Algorithm=AWS4-HMAC-SHA256&X-Amz-Credential=4BvAAGxVbRSLB347BK9Xyi/20231101/us-east-1/s3/aws4_request&X-Amz-Date=20231101T133254Z&X-Amz-SignedHeaders=host&X-Amz-Signature=43d8ab9b78a0ef461af10caeaa9a6765736d1d0f722975fc6a1e0d652fa94966
ВВОДНЫЙ ОБЗОР РАЗВИТИЯ ФИНАНСОВЫХ ТЕХНОЛОГИЙ ЧАСТЬ 5;rspp0;https://hb.ru-msk.vkcs.cloud/sld-prod-cold/a9feb207-cfcd-42ae-9a40-54cf36ee38ac.pptx?X-Amz-Expires=432000&X-Amz-Algorithm=AWS4-HMAC-SHA256&X-Amz-Credential=4BvAAGxVbRSLB347BK9Xyi/20231101/us-east-1/s3/aws4_request&X-Amz-Date=20231101T133254Z&X-Amz-SignedHeaders=host&X-Amz-Signature=597f075d73a66a571e02761bb88edc9ae5d4e1617d61ec0d5292e989fd446cbf
НАСТРОЕНИЕ - ЛОНДОН;rspp0;https://hb.ru-msk.vkcs.cloud/sld-prod-cold/2673200d-356f-4c43-98f4-f1d56f950560.pptx?X-Amz-Expires=432000&X-Amz-Algorithm=AWS4-HMAC-SHA256&X-Amz-Credential=4BvAAGxVbRSLB347BK9Xyi/20231101/us-east-1/s3/aws4_request&X-Amz-Date=20231101T133254Z&X-Amz-SignedHeaders=host&X-Amz-Signature=9e265abdcee0d31008dcf0d0971afbefb061954e8ae6d3ae05164358d1869d99
КОНСТРУКТИВИЗМ;rspp0;https://hb.ru-msk.vkcs.cloud/sld-prod-cold/2ddf8770-de8d-455e-a89f-0e6a4543979d.pptx?X-Amz-Expires=432000&X-Amz-Algorithm=AWS4-HMAC-SHA256&X-Amz-Credential=4BvAAGxVbRSLB347BK9Xyi/20231101/us-east-1/s3/aws4_request&X-Amz-Date=20231101T133254Z&X-Amz-SignedHeaders=host&X-Amz-Signature=3835e38387765e907b8dfb986b3ac38596c4f55f0ecec8f3a8da7d26bbf4b8fc
НАДГРОБИЯ;rspp0;https://hb.ru-msk.vkcs.cloud/sld-prod-cold/3f058c95-191e-4e9c-ab41-fff9766c7e70.pptx?X-Amz-Expires=432000&X-Amz-Algorithm=AWS4-HMAC-SHA256&X-Amz-Credential=4BvAAGxVbRSLB347BK9Xyi/20231101/us-east-1/s3/aws4_request&X-Amz-Date=20231101T133254Z&X-Amz-SignedHeaders=host&X-Amz-Signature=98bb04c77da18d33a1b2d127f85fd93035dbe99450a0a7e6622b4b890ff92a5b
ПЕТЕРБУРГ;rspp0;https://hb.ru-msk.vkcs.cloud/sld-prod-cold/a2140d92-1fc7-427b-a372-c2d62b651241.pptx?X-Amz-Expires=432000&X-Amz-Algorithm=AWS4-HMAC-SHA256&X-Amz-Credential=4BvAAGxVbRSLB347BK9Xyi/20231101/us-east-1/s3/aws4_request&X-Amz-Date=20231101T133254Z&X-Amz-SignedHeaders=host&X-Amz-Signature=5cbfbb0b29cc951bfb27c2e7b06e8bcb7b6c9f2911e01c207447da0b3fb83f52
РОССИЯ ВНЕ ВРЕМЕНИ;rspp0;https://hb.ru-msk.vkcs.cloud/sld-prod-cold/d4e6a681-4a82-478f-ae2b-64c6438ed719.pptx?X-Amz-Expires=432000&X-Amz-Algorithm=AWS4-HMAC-SHA256&X-Amz-Credential=4BvAAGxVbRSLB347BK9Xyi/20231101/us-east-1/s3/aws4_request&X-Amz-Date=20231101T133254Z&X-Amz-SignedHeaders=host&X-Amz-Signature=3ff9a35fab7fe8175fb238ce6b9f43942b4096fc0c81acc6fc6acaee5c06875d
АНТИХРУПКОСТЬ 1;rspp0;https://hb.ru-msk.vkcs.cloud/sld-prod-cold/85648a53-6e95-465f-920f-e8c3c5fb11c4.pptx?X-Amz-Expires=432000&X-Amz-Algorithm=AWS4-HMAC-SHA256&X-Amz-Credential=4BvAAGxVbRSLB347BK9Xyi/20231101/us-east-1/s3/aws4_request&X-Amz-Date=20231101T133254Z&X-Amz-SignedHeaders=host&X-Amz-Signature=363485683b57286c5e3312739917b7712ff4eba0b220dc0c14f42e25329cefdf
БАШНЯ ЮНИКРЕДИТ;rspp0;https://hb.ru-msk.vkcs.cloud/sld-prod-cold/f91d9c38-b855-4804-93fb-4e5081a24b8f.pptx?X-Amz-Expires=432000&X-Amz-Algorithm=AWS4-HMAC-SHA256&X-Amz-Credential=4BvAAGxVbRSLB347BK9Xyi/20231101/us-east-1/s3/aws4_request&X-Amz-Date=20231101T133254Z&X-Amz-SignedHeaders=host&X-Amz-Signature=4fecdb093d4af58f2007a6e6cba674479d8eef532eb2c66b928ffb0ff68df531
ВВОДНЫЙ ОБЗОР РАЗВИТИЯ ФИНАНСОВЫХ ТЕХНОЛОГИЙ ЧАСТЬ 1;rspp0;https://hb.ru-msk.vkcs.cloud/sld-prod-cold/f02f4bce-341a-461e-935c-ae95b06b5ef9.pptx?X-Amz-Expires=432000&X-Amz-Algorithm=AWS4-HMAC-SHA256&X-Amz-Credential=4BvAAGxVbRSLB347BK9Xyi/20231101/us-east-1/s3/aws4_request&X-Amz-Date=20231101T133254Z&X-Amz-SignedHeaders=host&X-Amz-Signature=7ed564f3f6e7753f385e58d9098a740b170d959f6dbe39d5319cf897aeb7b586
ВВОДНЫЙ ОБЗОР РАЗВИТИЯ ФИНАНСОВЫХ ТЕХНОЛОГИЙ ЧАСТЬ 5;rspp0;https://hb.ru-msk.vkcs.cloud/sld-prod-cold/5a9b2b97-3b02-4edd-a143-ff7768ef8022.pptx?X-Amz-Expires=432000&X-Amz-Algorithm=AWS4-HMAC-SHA256&X-Amz-Credential=4BvAAGxVbRSLB347BK9Xyi/20231101/us-east-1/s3/aws4_request&X-Amz-Date=20231101T133254Z&X-Amz-SignedHeaders=host&X-Amz-Signature=1568d138ac9a87ea6817fc39acb7e847a65778db5cfe8e85e58cac91628d7496
ВВОДНЫЙ ОБЗОР РАЗВИТИЯ ФИНАНСОВЫХ ТЕХНОЛОГИЙ ЧАСТЬ 2;rspp0;https://hb.ru-msk.vkcs.cloud/sld-prod-cold/71161476-df85-4ff8-9681-31f3fe9f0e22.pptx?X-Amz-Expires=432000&X-Amz-Algorithm=AWS4-HMAC-SHA256&X-Amz-Credential=4BvAAGxVbRSLB347BK9Xyi/20231101/us-east-1/s3/aws4_request&X-Amz-Date=20231101T133254Z&X-Amz-SignedHeaders=host&X-Amz-Signature=92c32e1494af0b3a6892d4b8ff968548cb06239f6bbcc9a123c1f1babc8717bb
ВВОДНЫЙ ОБЗОР РАЗВИТИЯ ФИНАНСОВЫХ ТЕХНОЛОГИЙ ЧАСТЬ 6;rspp0;https://hb.ru-msk.vkcs.cloud/sld-prod-cold/df3c602e-9349-4bfc-8b49-75af0c94b491.pptx?X-Amz-Expires=432000&X-Amz-Algorithm=AWS4-HMAC-SHA256&X-Amz-Credential=4BvAAGxVbRSLB347BK9Xyi/20231101/us-east-1/s3/aws4_request&X-Amz-Date=20231101T133254Z&X-Amz-SignedHeaders=host&X-Amz-Signature=4c8eab1755c34e66172441c547796412a7f34df0ed2a05cd394a05e102118798
ОПРОС;rspp0;https://hb.ru-msk.vkcs.cloud/sld-prod-cold/bfb1f9c7-635c-4aad-bfaa-7d9cfe5e121b.pptx?X-Amz-Expires=432000&X-Amz-Algorithm=AWS4-HMAC-SHA256&X-Amz-Credential=4BvAAGxVbRSLB347BK9Xyi/20231101/us-east-1/s3/aws4_request&X-Amz-Date=20231101T133254Z&X-Amz-SignedHeaders=host&X-Amz-Signature=300174e554587716b95dee470448341c179e5dac8acbce5ebca60376cf370837
АНТИХРУПКОСТЬ_3;rspp0;https://hb.ru-msk.vkcs.cloud/sld-prod-cold/d91c78f2-729e-4f8a-8cce-d3547246159b.pptx?X-Amz-Expires=432000&X-Amz-Algorithm=AWS4-HMAC-SHA256&X-Amz-Credential=4BvAAGxVbRSLB347BK9Xyi/20231101/us-east-1/s3/aws4_request&X-Amz-Date=20231101T133254Z&X-Amz-SignedHeaders=host&X-Amz-Signature=5bcf35c59144a91fa520ae64e3b406f24ad1fe8a60936904ba509b84914347cc
Improving Sustainability ;999011;https://hb.ru-msk.vkcs.cloud/sld-prod-cold/18da193d-a95e-4769-83b0-e5f357f112f2.pptx?X-Amz-Expires=432000&X-Amz-Algorithm=AWS4-HMAC-SHA256&X-Amz-Credential=4BvAAGxVbRSLB347BK9Xyi/20231101/us-east-1/s3/aws4_request&X-Amz-Date=20231101T133254Z&X-Amz-SignedHeaders=host&X-Amz-Signature=bc579511f10ac0879f1836d91428aad4d56b5dd78b2c0b1a6b5003b31d53bc88
Искусственный интеллект;235927;https://hb.ru-msk.vkcs.cloud/sld-prod-cold/7399182b-ebb1-4d8a-aea6-0352ab2977e6.pptx?X-Amz-Expires=432000&X-Amz-Algorithm=AWS4-HMAC-SHA256&X-Amz-Credential=4BvAAGxVbRSLB347BK9Xyi/20231101/us-east-1/s3/aws4_request&X-Amz-Date=20231101T133254Z&X-Amz-SignedHeaders=host&X-Amz-Signature=60af4885cf14cc1583bdcfb71798431aa945b1f978e13617e211c6aca029c187
Международное сотрудничество ФУ;235916;https://hb.ru-msk.vkcs.cloud/sld-prod-cold/d894b6e5-6474-4faa-b50d-eaa54ae54d20.pptx?X-Amz-Expires=432000&X-Amz-Algorithm=AWS4-HMAC-SHA256&X-Amz-Credential=4BvAAGxVbRSLB347BK9Xyi/20231101/us-east-1/s3/aws4_request&X-Amz-Date=20231101T133254Z&X-Amz-SignedHeaders=host&X-Amz-Signature=716c977f12cacdf4ec2f92b5f46865a6261d96a932e5603715175e32d04cc63e
Low Carbon FDI ;999011;https://hb.ru-msk.vkcs.cloud/sld-prod-cold/7b4fd9ad-f799-43c8-9a0d-4c36458e1660.pptx?X-Amz-Expires=432000&X-Amz-Algorithm=AWS4-HMAC-SHA256&X-Amz-Credential=4BvAAGxVbRSLB347BK9Xyi/20231101/us-east-1/s3/aws4_request&X-Amz-Date=20231101T133254Z&X-Amz-SignedHeaders=host&X-Amz-Signature=a7a80ae616bb260d6ac27c6e0c6325fc2361b97c55fa9ec68159d84c6a59d2bd
Размывание валютной долларовой архитектуры - 1;999011;https://hb.ru-msk.vkcs.cloud/sld-prod-cold/5f2da742-befb-47a5-a81a-7b4adc63ecf1.pptx?X-Amz-Expires=432000&X-Amz-Algorithm=AWS4-HMAC-SHA256&X-Amz-Credential=4BvAAGxVbRSLB347BK9Xyi/20231101/us-east-1/s3/aws4_request&X-Amz-Date=20231101T133254Z&X-Amz-SignedHeaders=host&X-Amz-Signature=b51d9f0c9000d52c29ec4b91069f5ffeb4bab87b76675df929a13ca646a56e29
Development of a Wiki to Promote Financial Research Collaboration;999011;https://hb.ru-msk.vkcs.cloud/sld-prod-cold/e0e73a92-2581-4df7-b355-4026402ccb3b.pptx?X-Amz-Expires=432000&X-Amz-Algorithm=AWS4-HMAC-SHA256&X-Amz-Credential=4BvAAGxVbRSLB347BK9Xyi/20231101/us-east-1/s3/aws4_request&X-Amz-Date=20231101T133254Z&X-Amz-SignedHeaders=host&X-Amz-Signature=310fb773d63f4b0c24751eda0cbd9e9ac1f567ee78d7ee683d38caa816fc3c04
Неортодоксальная экономика ;999011;https://hb.ru-msk.vkcs.cloud/sld-prod-cold/c1a26dfa-01eb-4320-8ef8-777f51d632ae.pptx?X-Amz-Expires=432000&X-Amz-Algorithm=AWS4-HMAC-SHA256&X-Amz-Credential=4BvAAGxVbRSLB347BK9Xyi/20231101/us-east-1/s3/aws4_request&X-Amz-Date=20231101T133254Z&X-Amz-SignedHeaders=host&X-Amz-Signature=71439a9187cce0719e5e3b9c6d63b302f08c675d5c69df673f6f22f3d82b7b3c
Размывание валютной гегемонии США ;999011;https://hb.ru-msk.vkcs.cloud/sld-prod-cold/2de9a8b9-3986-4c14-914b-60fdab6c0aa5.pptx?X-Amz-Expires=432000&X-Amz-Algorithm=AWS4-HMAC-SHA256&X-Amz-Credential=4BvAAGxVbRSLB347BK9Xyi/20231101/us-east-1/s3/aws4_request&X-Amz-Date=20231101T133254Z&X-Amz-SignedHeaders=host&X-Amz-Signature=cf95a7625194700a94978509045ad8c0cfb42eaeab9bcbf191b31e80083f2a72
Анализ российского и мирового рынка развития технологии блокчейн ;999011;https://hb.ru-msk.vkcs.cloud/sld-prod-cold/12f5f7e0-cf94-47fd-95f3-33ef2c51a679.ppt?X-Amz-Expires=432000&X-Amz-Algorithm=AWS4-HMAC-SHA256&X-Amz-Credential=4BvAAGxVbRSLB347BK9Xyi/20231101/us-east-1/s3/aws4_request&X-Amz-Date=20231101T133254Z&X-Amz-SignedHeaders=host&X-Amz-Signature=53005ba87debafe864f37ab13428f9738a56b18261287e4afc27676d7d879181
Неравномерность карбонового налогообложения ;999011;https://hb.ru-msk.vkcs.cloud/sld-prod-cold/52207817-a27c-4d3f-a6fd-d07a27c2d8cf.pptx?X-Amz-Expires=432000&X-Amz-Algorithm=AWS4-HMAC-SHA256&X-Amz-Credential=4BvAAGxVbRSLB347BK9Xyi/20231101/us-east-1/s3/aws4_request&X-Amz-Date=20231101T133254Z&X-Amz-SignedHeaders=host&X-Amz-Signature=2236c7617a6f321d5f1152eb35d96dc1442b85a082bfea5f74963215e32b5b06
Improving Recruitment and Retention ;999011;https://hb.ru-msk.vkcs.cloud/sld-prod-cold/a9437906-38b2-4a5b-a23d-4d9b84bc5bfb.pptx?X-Amz-Expires=432000&X-Amz-Algorithm=AWS4-HMAC-SHA256&X-Amz-Credential=4BvAAGxVbRSLB347BK9Xyi/20231101/us-east-1/s3/aws4_request&X-Amz-Date=20231101T133254Z&X-Amz-SignedHeaders=host&X-Amz-Signature=2ba00331fa1cf9faee3efd021effcaed34fb601613b7e8c09148ccfc8ac69f46
Технологии ESG-трансформации  экономики Большой Евразии;999011;https://hb.ru-msk.vkcs.cloud/sld-prod-cold/5933cd94-277d-4dcb-9163-ebb82aafc0ba.pptx?X-Amz-Expires=432000&X-Amz-Algorithm=AWS4-HMAC-SHA256&X-Amz-Credential=4BvAAGxVbRSLB347BK9Xyi/20231101/us-east-1/s3/aws4_request&X-Amz-Date=20231101T133254Z&X-Amz-SignedHeaders=host&X-Amz-Signature=fc64d62debc3c12869ef6e0333d4d6ee5c412fc37b9df588f694bd33c3115795
Размывание гегемонии доллара США - 2;999011;https://hb.ru-msk.vkcs.cloud/sld-prod-cold/1cd8d6ad-02a0-4272-8f28-7d9879b99aa5.pptx?X-Amz-Expires=432000&X-Amz-Algorithm=AWS4-HMAC-SHA256&X-Amz-Credential=4BvAAGxVbRSLB347BK9Xyi/20231101/us-east-1/s3/aws4_request&X-Amz-Date=20231101T133254Z&X-Amz-SignedHeaders=host&X-Amz-Signature=d61f1e987e02c80c2b63f7c3ce55d1c8a09aaba05cc08bf31585056aaf4697e4
Системная динамика валютной гегемонии ;999011;https://hb.ru-msk.vkcs.cloud/sld-prod-cold/8742661d-18ba-475b-aedd-3f03157b655f.pptx?X-Amz-Expires=432000&X-Amz-Algorithm=AWS4-HMAC-SHA256&X-Amz-Credential=4BvAAGxVbRSLB347BK9Xyi/20231101/us-east-1/s3/aws4_request&X-Amz-Date=20231101T133254Z&X-Amz-SignedHeaders=host&X-Amz-Signature=dc2cb4b56b036778983a4d4745d87f8b2ca0d88dfce3e2886bea73f8e1f1a88b
Агентное моделирование социальной динамики ;999011;https://hb.ru-msk.vkcs.cloud/sld-prod-cold/c672c3a9-a9d9-4cbb-9025-b6d96c4913b9.pptx?X-Amz-Expires=432000&X-Amz-Algorithm=AWS4-HMAC-SHA256&X-Amz-Credential=4BvAAGxVbRSLB347BK9Xyi/20231101/us-east-1/s3/aws4_request&X-Amz-Date=20231101T133254Z&X-Amz-SignedHeaders=host&X-Amz-Signature=63f2e98977480df7cb150066aa8c6d1dd55d4cd91e56f8492cfda8a4fe155e83
Value at Risk (VAR);999011;https://hb.ru-msk.vkcs.cloud/sld-prod-cold/e5e4ad89-69dd-4801-93d0-9fdcffb0cc67.ppt?X-Amz-Expires=432000&X-Amz-Algorithm=AWS4-HMAC-SHA256&X-Amz-Credential=4BvAAGxVbRSLB347BK9Xyi/20231101/us-east-1/s3/aws4_request&X-Amz-Date=20231101T133254Z&X-Amz-SignedHeaders=host&X-Amz-Signature=ec340e346b234962957c1919e98eda0c7d6180db036ecf3bfb3284c024147134
ПЛАН УСТАНОВЛЕНИЯ ИНТЕРНЕТ-КОНТАКТОВ С АНГОЛОЙ ;999011;https://hb.ru-msk.vkcs.cloud/sld-prod-cold/f06814c3-d4fe-42a2-b646-aa07a9e4f4ea.pptx?X-Amz-Expires=432000&X-Amz-Algorithm=AWS4-HMAC-SHA256&X-Amz-Credential=4BvAAGxVbRSLB347BK9Xyi/20231101/us-east-1/s3/aws4_request&X-Amz-Date=20231101T133254Z&X-Amz-SignedHeaders=host&X-Amz-Signature=713b52857f738127cd091404145f0f919b593726d9bba7df6e8db83585fb80e3
EY Rebranding ;999011;https://hb.ru-msk.vkcs.cloud/sld-prod-cold/87893b48-70d0-49d2-a793-ea02df976499.pptx?X-Amz-Expires=432000&X-Amz-Algorithm=AWS4-HMAC-SHA256&X-Amz-Credential=4BvAAGxVbRSLB347BK9Xyi/20231101/us-east-1/s3/aws4_request&X-Amz-Date=20231101T133254Z&X-Amz-SignedHeaders=host&X-Amz-Signature=4e0a6c06b991434b226b93abd4b09cfcd11d031e999738ba949ff1f3c416b7b1
Вопросы арктической логистики и развитие северного морского пути;999011;https://hb.ru-msk.vkcs.cloud/sld-prod-cold/c21a4d1d-3d69-4697-bd4e-fe10ecd60e4c.pptx?X-Amz-Expires=432000&X-Amz-Algorithm=AWS4-HMAC-SHA256&X-Amz-Credential=4BvAAGxVbRSLB347BK9Xyi/20231101/us-east-1/s3/aws4_request&X-Amz-Date=20231101T133254Z&X-Amz-SignedHeaders=host&X-Amz-Signature=a69362451a026cdf7f6f944d86e54272a09628be75a0495ac606e680bdfe5324
Международные финансы, хеджирование погодных рисков и стохастическая системная динамика;999011;https://hb.ru-msk.vkcs.cloud/sld-prod-cold/207aecb2-c7c4-4257-9c33-a0d4bf93914b.pptx?X-Amz-Expires=432000&X-Amz-Algorithm=AWS4-HMAC-SHA256&X-Amz-Credential=4BvAAGxVbRSLB347BK9Xyi/20231101/us-east-1/s3/aws4_request&X-Amz-Date=20231101T133254Z&X-Amz-SignedHeaders=host&X-Amz-Signature=cf8f4a4808ce41a630a4e352fdd28c2c28c0bc625021157d081375a5f252e62f
О внедрении LMS Moodle в Финансовом университете;999011;https://hb.ru-msk.vkcs.cloud/sld-prod-cold/1f82fc58-8516-4167-8086-034d5c91ef7f.pptx?X-Amz-Expires=432000&X-Amz-Algorithm=AWS4-HMAC-SHA256&X-Amz-Credential=4BvAAGxVbRSLB347BK9Xyi/20231101/us-east-1/s3/aws4_request&X-Amz-Date=20231101T133254Z&X-Amz-SignedHeaders=host&X-Amz-Signature=ea5ff7ed1e928667b367ead42251fda196a3b5511ab9cc30f9737d5ae0360e45
Behavioral finance, social dynamics, and agent-based modeling;999011;https://hb.ru-msk.vkcs.cloud/sld-prod-cold/78602871-c97b-491f-9397-2c67c6aa0541.pptx?X-Amz-Expires=432000&X-Amz-Algorithm=AWS4-HMAC-SHA256&X-Amz-Credential=4BvAAGxVbRSLB347BK9Xyi/20231101/us-east-1/s3/aws4_request&X-Amz-Date=20231101T133254Z&X-Amz-SignedHeaders=host&X-Amz-Signature=8e4ad29054baecc5f57ae3322c39825395881e81076f36328cad530286a92306
Агентное моделирование процессов развития налогового администрирования ;999011;https://hb.ru-msk.vkcs.cloud/sld-prod-cold/7f7fdad8-8f02-4259-b2c7-b4775c0373d3.pptx?X-Amz-Expires=432000&X-Amz-Algorithm=AWS4-HMAC-SHA256&X-Amz-Credential=4BvAAGxVbRSLB347BK9Xyi/20231101/us-east-1/s3/aws4_request&X-Amz-Date=20231101T133254Z&X-Amz-SignedHeaders=host&X-Amz-Signature=a492232c33b7b885f86b3f9dba673eb7bf63aabba16d5b02c2fae3d59bf3bf95
Возможности и пределы математических моделей в социально-экономических исследованиях;999011;https://hb.ru-msk.vkcs.cloud/sld-prod-cold/2bf31204-b308-4e30-bc28-02669fe98e6b.pptx?X-Amz-Expires=432000&X-Amz-Algorithm=AWS4-HMAC-SHA256&X-Amz-Credential=4BvAAGxVbRSLB347BK9Xyi/20231101/us-east-1/s3/aws4_request&X-Amz-Date=20231101T133254Z&X-Amz-SignedHeaders=host&X-Amz-Signature=b330062d0caa3b8df6a1127c7c261df4fe6b71d8937e031f4d4af852f2d79c5b
Агентное моделирование динамики межкультурной коммуникации ;999011;https://hb.ru-msk.vkcs.cloud/sld-prod-cold/38bd022a-5158-4a80-ba79-55cab460a789.pptx?X-Amz-Expires=432000&X-Amz-Algorithm=AWS4-HMAC-SHA256&X-Amz-Credential=4BvAAGxVbRSLB347BK9Xyi/20231101/us-east-1/s3/aws4_request&X-Amz-Date=20231101T133254Z&X-Amz-SignedHeaders=host&X-Amz-Signature=d0222b3b4e8ee3ea540b74061d86256bebb2b963c68bf855415c2346dddec9ef
The Ice Silk Road and Arctic Strategy of China;999011;https://hb.ru-msk.vkcs.cloud/sld-prod-cold/cef213f6-1706-4800-b3fd-69bba8c60fdb.pptx?X-Amz-Expires=432000&X-Amz-Algorithm=AWS4-HMAC-SHA256&X-Amz-Credential=4BvAAGxVbRSLB347BK9Xyi/20231101/us-east-1/s3/aws4_request&X-Amz-Date=20231101T133254Z&X-Amz-SignedHeaders=host&X-Amz-Signature=aca18338596273e46ebaaa56d66ad38f52af895ac503cea8e23c2f94fc258c89
Implementation of distributed ledgers for markets of energetic financial derivatives;999011;https://hb.ru-msk.vkcs.cloud/sld-prod-cold/61f0dafb-5565-4cdf-92bf-0c673d8a5d0d.pptx?X-Amz-Expires=432000&X-Amz-Algorithm=AWS4-HMAC-SHA256&X-Amz-Credential=4BvAAGxVbRSLB347BK9Xyi/20231101/us-east-1/s3/aws4_request&X-Amz-Date=20231101T133254Z&X-Amz-SignedHeaders=host&X-Amz-Signature=6aaecbd1f993a4f01db96a53abdc0b47c95c7fc43d398360001b8665e0ae7acd
Community Disclosure Practices in Saudi Arabian Firms: Its Determinants and Impact on Performance;999011;https://hb.ru-msk.vkcs.cloud/sld-prod-cold/d0919668-2201-4a95-bff6-3b70f17799ce.pptx?X-Amz-Expires=432000&X-Amz-Algorithm=AWS4-HMAC-SHA256&X-Amz-Credential=4BvAAGxVbRSLB347BK9Xyi/20231101/us-east-1/s3/aws4_request&X-Amz-Date=20231101T133254Z&X-Amz-SignedHeaders=host&X-Amz-Signature=71f978bea5d15424df22b3727ce7ba9b919e57ba9ac3746f4554b863327bfda1
Методы анализа макроэкономического регулирования на финансовых рынках;999011;https://hb.ru-msk.vkcs.cloud/sld-prod-cold/8f14275d-4f69-4a76-af33-433a6c83f458.pptx?X-Amz-Expires=432000&X-Amz-Algorithm=AWS4-HMAC-SHA256&X-Amz-Credential=4BvAAGxVbRSLB347BK9Xyi/20231101/us-east-1/s3/aws4_request&X-Amz-Date=20231101T133254Z&X-Amz-SignedHeaders=host&X-Amz-Signature=48ac28d5a1a6ecf5b427cbfa09718c84215c1c083ace4627874a3dbf15a5ada1
Modernization of Food Retailing System in Vietnam;999011;https://hb.ru-msk.vkcs.cloud/sld-prod-cold/1854abf2-76d7-477c-8f2e-987851ce6dff.pptx?X-Amz-Expires=432000&X-Amz-Algorithm=AWS4-HMAC-SHA256&X-Amz-Credential=4BvAAGxVbRSLB347BK9Xyi/20231101/us-east-1/s3/aws4_request&X-Amz-Date=20231101T133254Z&X-Amz-SignedHeaders=host&X-Amz-Signature=c5e2205563cfac9254c7fa5a0c0dfb5379a4f0cdb9efea42f418ec84ba6122df
Modern models of analysis of currency markets integration processes in Asia;999011;https://hb.ru-msk.vkcs.cloud/sld-prod-cold/887ad3b4-ad2f-4dfc-bbef-c8ce38c1f41f.pptx?X-Amz-Expires=432000&X-Amz-Algorithm=AWS4-HMAC-SHA256&X-Amz-Credential=4BvAAGxVbRSLB347BK9Xyi/20231101/us-east-1/s3/aws4_request&X-Amz-Date=20231101T133254Z&X-Amz-SignedHeaders=host&X-Amz-Signature=c4bb1776e7e5ac123170fdc965d5cd903bfa201f59d2bcc302f5e43f98d7a3e9
Accounting and finance in the era of digital assets, big data and blockchain technology;999011;https://hb.ru-msk.vkcs.cloud/sld-prod-cold/a35eb580-6051-432c-8b8f-083996da0ed3.pptx?X-Amz-Expires=432000&X-Amz-Algorithm=AWS4-HMAC-SHA256&X-Amz-Credential=4BvAAGxVbRSLB347BK9Xyi/20231101/us-east-1/s3/aws4_request&X-Amz-Date=20231101T133254Z&X-Amz-SignedHeaders=host&X-Amz-Signature=1556bc819bd3bfd92ca172aac98802374f6bdd5805bc73eaadd9e8d7edbf7f47
Weather risks hedging by financial derivatives;999011;https://hb.ru-msk.vkcs.cloud/sld-prod-cold/c667b8ba-570d-445f-b3ca-8e1d638e83db.pptx?X-Amz-Expires=432000&X-Amz-Algorithm=AWS4-HMAC-SHA256&X-Amz-Credential=4BvAAGxVbRSLB347BK9Xyi/20231101/us-east-1/s3/aws4_request&X-Amz-Date=20231101T133254Z&X-Amz-SignedHeaders=host&X-Amz-Signature=81121cb09fe45e2e7ba61b6d2c9de511848b79c445e364da0ad070a8ab4f653f
Экономика труда и агрегаторы CES;999011;https://hb.ru-msk.vkcs.cloud/sld-prod-cold/c125efa6-cf1e-48c6-a609-8e215fdb7ee0.pptx?X-Amz-Expires=432000&X-Amz-Algorithm=AWS4-HMAC-SHA256&X-Amz-Credential=4BvAAGxVbRSLB347BK9Xyi/20231101/us-east-1/s3/aws4_request&X-Amz-Date=20231101T133254Z&X-Amz-SignedHeaders=host&X-Amz-Signature=404dd2ab99e5fa8287ebf0c23f36edc0d5efa47e4a1465ed677dde905af95aba
Сценарный анализ – Базовое введение;999011;https://hb.ru-msk.vkcs.cloud/sld-prod-cold/2d66001f-4096-425b-b536-f29257a6adfc.pptx?X-Amz-Expires=432000&X-Amz-Algorithm=AWS4-HMAC-SHA256&X-Amz-Credential=4BvAAGxVbRSLB347BK9Xyi/20231101/us-east-1/s3/aws4_request&X-Amz-Date=20231101T133254Z&X-Amz-SignedHeaders=host&X-Amz-Signature=0d9943bf6f9287372f083eeaa3fc2b470620ee5866a3513c84689f649c7f1148
«ЗЕЛЕНЫЕ ФИНАНСЫ» В МИРЕ И РОССИИ;999011;https://hb.ru-msk.vkcs.cloud/sld-prod-cold/7083f7cc-8bd2-4b70-8bfa-333204b3e0b7.pptx?X-Amz-Expires=432000&X-Amz-Algorithm=AWS4-HMAC-SHA256&X-Amz-Credential=4BvAAGxVbRSLB347BK9Xyi/20231101/us-east-1/s3/aws4_request&X-Amz-Date=20231101T133254Z&X-Amz-SignedHeaders=host&X-Amz-Signature=ff93bb34500b27ad8af52c54d269d77452fefc87d4cdffeb445d1b8e0ea6308f
DSGE models as a tool for monetary policy analysis in EU;999011;https://hb.ru-msk.vkcs.cloud/sld-prod-cold/8305a291-00f5-4edf-8fd2-0824cb2fdce5.pptx?X-Amz-Expires=432000&X-Amz-Algorithm=AWS4-HMAC-SHA256&X-Amz-Credential=4BvAAGxVbRSLB347BK9Xyi/20231101/us-east-1/s3/aws4_request&X-Amz-Date=20231101T133254Z&X-Amz-SignedHeaders=host&X-Amz-Signature=d7f60eef5812b4ea02f404247f6a1e9dece99bf89e3e2434f116c517300081c5
portfolio of mitigation/adaptation policy options for Russia ;999011;https://hb.ru-msk.vkcs.cloud/sld-prod-cold/f128e31e-631b-4387-94a4-eb0b8300b77e.pptx?X-Amz-Expires=432000&X-Amz-Algorithm=AWS4-HMAC-SHA256&X-Amz-Credential=4BvAAGxVbRSLB347BK9Xyi/20231101/us-east-1/s3/aws4_request&X-Amz-Date=20231101T133254Z&X-Amz-SignedHeaders=host&X-Amz-Signature=4c5753e3ab87757455e97ab65836dc25b5dc49d2c48f966d5ce002dba1a48e97
Политэкономия. Карл маркс.;236343;https://hb.ru-msk.vkcs.cloud/sld-prod-cold/1cc6b864-d603-44cc-8c1c-864a961a09cc.pptx?X-Amz-Expires=432000&X-Amz-Algorithm=AWS4-HMAC-SHA256&X-Amz-Credential=4BvAAGxVbRSLB347BK9Xyi/20231101/us-east-1/s3/aws4_request&X-Amz-Date=20231101T133254Z&X-Amz-SignedHeaders=host&X-Amz-Signature=01bec9247d9962c2e9f7d2913527b584c5a02fcc9bb365488946f1831ffd5212
История Предательства. ;236343;https://hb.ru-msk.vkcs.cloud/sld-prod-cold/e25923ae-e3cc-43eb-8116-78042f926d89.pptx?X-Amz-Expires=432000&X-Amz-Algorithm=AWS4-HMAC-SHA256&X-Amz-Credential=4BvAAGxVbRSLB347BK9Xyi/20231101/us-east-1/s3/aws4_request&X-Amz-Date=20231101T133254Z&X-Amz-SignedHeaders=host&X-Amz-Signature=987fdf46a311eb53d552d4cf16c842b1421a5880eeabca5b3c12c42de7b5543e
Теория гегемонической стабильности;999011;https://hb.ru-msk.vkcs.cloud/sld-prod-cold/1bdda3c8-859e-4bd3-acba-0ea719884889.pptx?X-Amz-Expires=432000&X-Amz-Algorithm=AWS4-HMAC-SHA256&X-Amz-Credential=4BvAAGxVbRSLB347BK9Xyi/20231101/us-east-1/s3/aws4_request&X-Amz-Date=20231101T133254Z&X-Amz-SignedHeaders=host&X-Amz-Signature=b42bb8e1e540e1eea9003f8a313d392dfdf330b6259c0b8099fd0cb99faa54a7
Introduction to Practical Cryptography ;999011;https://hb.ru-msk.vkcs.cloud/sld-prod-cold/c4f27207-f34c-4dff-be1c-773ae7f537b0.ppt?X-Amz-Expires=432000&X-Amz-Algorithm=AWS4-HMAC-SHA256&X-Amz-Credential=4BvAAGxVbRSLB347BK9Xyi/20231101/us-east-1/s3/aws4_request&X-Amz-Date=20231101T133254Z&X-Amz-SignedHeaders=host&X-Amz-Signature=bcc8dbf50a6dfa52a56f757907f690aac3fa52218fccf9e5cb13034e41abc2f9
Discover Your Target Audience for the Jumbo Club in Angola;999011;https://hb.ru-msk.vkcs.cloud/sld-prod-cold/72793e0e-1925-451a-a187-b50cc5e0efa8.pptx?X-Amz-Expires=432000&X-Amz-Algorithm=AWS4-HMAC-SHA256&X-Amz-Credential=4BvAAGxVbRSLB347BK9Xyi/20231101/us-east-1/s3/aws4_request&X-Amz-Date=20231101T133254Z&X-Amz-SignedHeaders=host&X-Amz-Signature=40620fb3b80d7d6a016866449189593f723702f71503f4ad43a1306e2373c75e
Россия развивает сотрудничество с Африкой;999011;https://hb.ru-msk.vkcs.cloud/sld-prod-cold/b6ab75cc-774c-4eea-b658-f92f1b022349.pptx?X-Amz-Expires=432000&X-Amz-Algorithm=AWS4-HMAC-SHA256&X-Amz-Credential=4BvAAGxVbRSLB347BK9Xyi/20231101/us-east-1/s3/aws4_request&X-Amz-Date=20231101T133254Z&X-Amz-SignedHeaders=host&X-Amz-Signature=14c32542da2f0cb644f243d6dbcd53b26619a8e3862415257aba4ed6a742a9a2
Economies of Scale, Imperfect Competition,  and International Trade;999011;https://hb.ru-msk.vkcs.cloud/sld-prod-cold/7a154c94-e873-4f7b-b9ec-f3dea5955bbd.ppt?X-Amz-Expires=432000&X-Amz-Algorithm=AWS4-HMAC-SHA256&X-Amz-Credential=4BvAAGxVbRSLB347BK9Xyi/20231101/us-east-1/s3/aws4_request&X-Amz-Date=20231101T133254Z&X-Amz-SignedHeaders=host&X-Amz-Signature=f046f427e04c67f2043c484ff59e8de5e19c21b56ee454bbff7a9687c7cdcd6a
Генерация бизнес-идей;999011;https://hb.ru-msk.vkcs.cloud/sld-prod-cold/64b92096-5bf9-4300-b11e-50216fe692e4.pptx?X-Amz-Expires=432000&X-Amz-Algorithm=AWS4-HMAC-SHA256&X-Amz-Credential=4BvAAGxVbRSLB347BK9Xyi/20231101/us-east-1/s3/aws4_request&X-Amz-Date=20231101T133254Z&X-Amz-SignedHeaders=host&X-Amz-Signature=fcbae54314122ee8049d0c75aed39bf3afdfbfc6a517ad527a7784cbe8ac8c07
Что такое деньги?;999011;https://hb.ru-msk.vkcs.cloud/sld-prod-cold/0cf4945f-8d8d-4b59-bffd-a4a85c279a2c.pptx?X-Amz-Expires=432000&X-Amz-Algorithm=AWS4-HMAC-SHA256&X-Amz-Credential=4BvAAGxVbRSLB347BK9Xyi/20231101/us-east-1/s3/aws4_request&X-Amz-Date=20231101T133254Z&X-Amz-SignedHeaders=host&X-Amz-Signature=a1222f6439f5089f9409d2e32a27b59b3bb9be22442a458d645360abb0460eab
ЭКОНОМИЧЕСКАЯ ОЦЕНКА ИННОВАЦИОННОГО РАЗВИТИЯ РОССИИ;999011;https://hb.ru-msk.vkcs.cloud/sld-prod-cold/8227375a-cd82-44f2-9860-85d4b9fa3114.ppt?X-Amz-Expires=432000&X-Amz-Algorithm=AWS4-HMAC-SHA256&X-Amz-Credential=4BvAAGxVbRSLB347BK9Xyi/20231101/us-east-1/s3/aws4_request&X-Amz-Date=20231101T133254Z&X-Amz-SignedHeaders=host&X-Amz-Signature=8ec34beab9c5e9e902c18b438d587d535aaef22cccc0971bda13d3c084da8e83
Концепция методологии подготовки отчетов ESG на основе стандартов GRI;999011;https://hb.ru-msk.vkcs.cloud/sld-prod-cold/6c5c7276-830f-4067-b692-339784e30a23.ppt?X-Amz-Expires=432000&X-Amz-Algorithm=AWS4-HMAC-SHA256&X-Amz-Credential=4BvAAGxVbRSLB347BK9Xyi/20231101/us-east-1/s3/aws4_request&X-Amz-Date=20231101T133254Z&X-Amz-SignedHeaders=host&X-Amz-Signature=4527240caa3fef66a8faed0853a957abf9e44b7b465b6269395f9aa70f3a98f2
Economics of LDCs;999011;https://hb.ru-msk.vkcs.cloud/sld-prod-cold/70b6dec4-01a8-4ab5-a8f5-361cfef3c965.ppt?X-Amz-Expires=432000&X-Amz-Algorithm=AWS4-HMAC-SHA256&X-Amz-Credential=4BvAAGxVbRSLB347BK9Xyi/20231101/us-east-1/s3/aws4_request&X-Amz-Date=20231101T133254Z&X-Amz-SignedHeaders=host&X-Amz-Signature=5387ea3980e11f38904ea709dc501ad11241bee4c285d0879da999f20edbafe2
Comparative  Economic Development;999011;https://hb.ru-msk.vkcs.cloud/sld-prod-cold/9a52ac4c-4127-4cc7-89ce-ad0a6e60b9ac.ppt?X-Amz-Expires=432000&X-Amz-Algorithm=AWS4-HMAC-SHA256&X-Amz-Credential=4BvAAGxVbRSLB347BK9Xyi/20231101/us-east-1/s3/aws4_request&X-Amz-Date=20231101T133254Z&X-Amz-SignedHeaders=host&X-Amz-Signature=5f51de57cc5a8333e1231720fe16993f150a73c8df697b852f5ad7d94a9980ed
Binomial Trees;999011;https://hb.ru-msk.vkcs.cloud/sld-prod-cold/cc119536-2381-4bfc-a9fa-0d315284710a.ppt?X-Amz-Expires=432000&X-Amz-Algorithm=AWS4-HMAC-SHA256&X-Amz-Credential=4BvAAGxVbRSLB347BK9Xyi/20231101/us-east-1/s3/aws4_request&X-Amz-Date=20231101T133254Z&X-Amz-SignedHeaders=host&X-Amz-Signature=0d9e6a6ed31c48d2000718b86d730ef55cb282b1cd7809cdad1e3977d5c5371f
Nature and functions of money ;999011;https://hb.ru-msk.vkcs.cloud/sld-prod-cold/b681f6bc-78e8-4e71-8605-5e9bcb60c233.ppt?X-Amz-Expires=432000&X-Amz-Algorithm=AWS4-HMAC-SHA256&X-Amz-Credential=4BvAAGxVbRSLB347BK9Xyi/20231101/us-east-1/s3/aws4_request&X-Amz-Date=20231101T133254Z&X-Amz-SignedHeaders=host&X-Amz-Signature=a17208bc1f6924d043d7d209fcb240d038404317dc271dcbb5f529238772de2f
Consumer Choice, Market Demand, and Elasticity;999011;https://hb.ru-msk.vkcs.cloud/sld-prod-cold/88c8a9aa-1e3b-4e29-9c9f-1ee83ef16bb3.ppt?X-Amz-Expires=432000&X-Amz-Algorithm=AWS4-HMAC-SHA256&X-Amz-Credential=4BvAAGxVbRSLB347BK9Xyi/20231101/us-east-1/s3/aws4_request&X-Amz-Date=20231101T133254Z&X-Amz-SignedHeaders=host&X-Amz-Signature=d8d2be8bb1a513236b53dac0f856e19ee0b6a2cec0caec24a4432355547b755c
The Theory of  Consumer Choice;999011;https://hb.ru-msk.vkcs.cloud/sld-prod-cold/d4b54f47-b0a3-4aa2-b4e6-db9bb5cdbebd.ppt?X-Amz-Expires=432000&X-Amz-Algorithm=AWS4-HMAC-SHA256&X-Amz-Credential=4BvAAGxVbRSLB347BK9Xyi/20231101/us-east-1/s3/aws4_request&X-Amz-Date=20231101T133254Z&X-Amz-SignedHeaders=host&X-Amz-Signature=001771769c78b2307e120fafcfb693f998550aa875672d87636d06a3f49831c8
MONEY, BANKING, AND MONETARY POLICY;999011;https://hb.ru-msk.vkcs.cloud/sld-prod-cold/a5b768f9-d898-417a-ac0e-5987a4699242.ppt?X-Amz-Expires=432000&X-Amz-Algorithm=AWS4-HMAC-SHA256&X-Amz-Credential=4BvAAGxVbRSLB347BK9Xyi/20231101/us-east-1/s3/aws4_request&X-Amz-Date=20231101T133254Z&X-Amz-SignedHeaders=host&X-Amz-Signature=ef75e2291a41fe76996f121f44d6cae3c67650df216175edcc603a9664b8386d
Efficiency and Productivity Measurement;999011;https://hb.ru-msk.vkcs.cloud/sld-prod-cold/0bf4678b-0927-4ab9-a980-841019c9f8f8.ppt?X-Amz-Expires=432000&X-Amz-Algorithm=AWS4-HMAC-SHA256&X-Amz-Credential=4BvAAGxVbRSLB347BK9Xyi/20231101/us-east-1/s3/aws4_request&X-Amz-Date=20231101T133254Z&X-Amz-SignedHeaders=host&X-Amz-Signature=7ea759b96b6e6f42557718774f9ab13e995df6029db62cab35434e43093cde30
Cryptographic Hash Functions;999011;https://hb.ru-msk.vkcs.cloud/sld-prod-cold/73b2b1fa-1e88-40aa-8e89-c30bfe4f13b8.ppt?X-Amz-Expires=432000&X-Amz-Algorithm=AWS4-HMAC-SHA256&X-Amz-Credential=4BvAAGxVbRSLB347BK9Xyi/20231101/us-east-1/s3/aws4_request&X-Amz-Date=20231101T133254Z&X-Amz-SignedHeaders=host&X-Amz-Signature=f69398e165191305cde261201d425b37cc94444065554d2887377ea9a7fb4323
Using Options for Risk Management;999011;https://hb.ru-msk.vkcs.cloud/sld-prod-cold/0884e8af-6463-4423-9776-d45c48b55380.ppt?X-Amz-Expires=432000&X-Amz-Algorithm=AWS4-HMAC-SHA256&X-Amz-Credential=4BvAAGxVbRSLB347BK9Xyi/20231101/us-east-1/s3/aws4_request&X-Amz-Date=20231101T133254Z&X-Amz-SignedHeaders=host&X-Amz-Signature=4b5560c4fec916f0311df4f04673a830583fefe633789ec3400bf95febfd72b7
The Future of Development Financing: Challenges, Scenarios and Strategic Choices ;999011;https://hb.ru-msk.vkcs.cloud/sld-prod-cold/08eda2b6-b946-4e6f-8d06-610a8e5bbf2d.ppt?X-Amz-Expires=432000&X-Amz-Algorithm=AWS4-HMAC-SHA256&X-Amz-Credential=4BvAAGxVbRSLB347BK9Xyi/20231101/us-east-1/s3/aws4_request&X-Amz-Date=20231101T133254Z&X-Amz-SignedHeaders=host&X-Amz-Signature=c75684cbde787a3a7890afb1bd6e3a6d772a53519c6d28fe828bb3d06e063951
Continuous Time Option Pricing Models;999011;https://hb.ru-msk.vkcs.cloud/sld-prod-cold/75d69e43-72ae-4b1e-b2c5-24480640c66f.ppt?X-Amz-Expires=432000&X-Amz-Algorithm=AWS4-HMAC-SHA256&X-Amz-Credential=4BvAAGxVbRSLB347BK9Xyi/20231101/us-east-1/s3/aws4_request&X-Amz-Date=20231101T133254Z&X-Amz-SignedHeaders=host&X-Amz-Signature=517e3b2b2164d7a2079c86b110dbb146fade89ae14091017267e556e046075c2
Public-key Cryptography;999011;https://hb.ru-msk.vkcs.cloud/sld-prod-cold/140760cb-ad6f-4cd3-ae47-3609d36d3745.ppt?X-Amz-Expires=432000&X-Amz-Algorithm=AWS4-HMAC-SHA256&X-Amz-Credential=4BvAAGxVbRSLB347BK9Xyi/20231101/us-east-1/s3/aws4_request&X-Amz-Date=20231101T133254Z&X-Amz-SignedHeaders=host&X-Amz-Signature=c57820a5b2be7cabf90c3ea86648e43716fe67855478d0d99c65d066b669a159
The Binomial Option Pricing Model ;999011;https://hb.ru-msk.vkcs.cloud/sld-prod-cold/90947205-ed73-4037-a392-f59eb27f2edf.ppt?X-Amz-Expires=432000&X-Amz-Algorithm=AWS4-HMAC-SHA256&X-Amz-Credential=4BvAAGxVbRSLB347BK9Xyi/20231101/us-east-1/s3/aws4_request&X-Amz-Date=20231101T133254Z&X-Amz-SignedHeaders=host&X-Amz-Signature=814e9964d599d739a27a9b98d88ec58e2e327d012c46579ca39c37944121d11e
Arbitrage Restrictions on Option Prices;999011;https://hb.ru-msk.vkcs.cloud/sld-prod-cold/d187e4ba-c7a7-4e40-8638-b3a3b7e5b250.ppt?X-Amz-Expires=432000&X-Amz-Algorithm=AWS4-HMAC-SHA256&X-Amz-Credential=4BvAAGxVbRSLB347BK9Xyi/20231101/us-east-1/s3/aws4_request&X-Amz-Date=20231101T133254Z&X-Amz-SignedHeaders=host&X-Amz-Signature=f9ab9d7adf3ed200eaa1f149c5cb814e1567973477a1ed413986f9d5257783b2
Option Strategies and Profit Diagrams;999011;https://hb.ru-msk.vkcs.cloud/sld-prod-cold/7cbc6c0e-388e-4813-81f7-a3d176e75a97.ppt?X-Amz-Expires=432000&X-Amz-Algorithm=AWS4-HMAC-SHA256&X-Amz-Credential=4BvAAGxVbRSLB347BK9Xyi/20231101/us-east-1/s3/aws4_request&X-Amz-Date=20231101T133254Z&X-Amz-SignedHeaders=host&X-Amz-Signature=88f6f582cd03b860ac61cfd1bd0f8668bb9131e171f8d4b1e6d6be344d7b6d43
Introduction to Options;999011;https://hb.ru-msk.vkcs.cloud/sld-prod-cold/e4e0da83-1892-4639-ac46-01d367991e18.ppt?X-Amz-Expires=432000&X-Amz-Algorithm=AWS4-HMAC-SHA256&X-Amz-Credential=4BvAAGxVbRSLB347BK9Xyi/20231101/us-east-1/s3/aws4_request&X-Amz-Date=20231101T133254Z&X-Amz-SignedHeaders=host&X-Amz-Signature=66908a0a6bf9487153385aacdf05c48cabf9578971089ba7940ee43c80406b62
Intertemporal Choice;999011;https://hb.ru-msk.vkcs.cloud/sld-prod-cold/39c8205e-94c7-4768-b6cb-78cab34d1007.ppt?X-Amz-Expires=432000&X-Amz-Algorithm=AWS4-HMAC-SHA256&X-Amz-Credential=4BvAAGxVbRSLB347BK9Xyi/20231101/us-east-1/s3/aws4_request&X-Amz-Date=20231101T133254Z&X-Amz-SignedHeaders=host&X-Amz-Signature=5bd1a348166436b13aa3d0a8cafe11f3fb377865b0fd7eb40f77f391f97335c2
Public-key Cryptography;999011;https://hb.ru-msk.vkcs.cloud/sld-prod-cold/75914294-e03c-49c0-83e2-e443dd902fa6.ppt?X-Amz-Expires=432000&X-Amz-Algorithm=AWS4-HMAC-SHA256&X-Amz-Credential=4BvAAGxVbRSLB347BK9Xyi/20231101/us-east-1/s3/aws4_request&X-Amz-Date=20231101T133254Z&X-Amz-SignedHeaders=host&X-Amz-Signature=7dfe2ad645651a51bb1862d4a7383f47854831de22dc4fadab769f19244e38c9
The Theory of Consumer Behavior;999011;https://hb.ru-msk.vkcs.cloud/sld-prod-cold/72108943-b332-4198-91dd-0fc5d4fc1473.ppt?X-Amz-Expires=432000&X-Amz-Algorithm=AWS4-HMAC-SHA256&X-Amz-Credential=4BvAAGxVbRSLB347BK9Xyi/20231101/us-east-1/s3/aws4_request&X-Amz-Date=20231101T133254Z&X-Amz-SignedHeaders=host&X-Amz-Signature=195c9c1533ad313f1d93eb50e1cacee7a06c78f458003592846b088e2f8d2352
Intertemporal Choice;999011;https://hb.ru-msk.vkcs.cloud/sld-prod-cold/f219dc29-31f5-49f2-806e-6a34fc1e224e.ppt?X-Amz-Expires=432000&X-Amz-Algorithm=AWS4-HMAC-SHA256&X-Amz-Credential=4BvAAGxVbRSLB347BK9Xyi/20231101/us-east-1/s3/aws4_request&X-Amz-Date=20231101T133254Z&X-Amz-SignedHeaders=host&X-Amz-Signature=b724570695815d1a8eb2aea97f9abcfb18807c5c678f5bca640ea5aae65e3709
Cryptographic Hash Functions Beyond CRCs;999011;https://hb.ru-msk.vkcs.cloud/sld-prod-cold/25e04ed1-c3ab-4d6c-aa4d-fd1b274a693e.ppt?X-Amz-Expires=432000&X-Amz-Algorithm=AWS4-HMAC-SHA256&X-Amz-Credential=4BvAAGxVbRSLB347BK9Xyi/20231101/us-east-1/s3/aws4_request&X-Amz-Date=20231101T133254Z&X-Amz-SignedHeaders=host&X-Amz-Signature=f533114ecbe7c69069c718f7204da85c22e5ba41a6de33681c289b4348d91969
Consumption;999011;https://hb.ru-msk.vkcs.cloud/sld-prod-cold/918aa9cd-6a2f-4ec1-ad15-06cc49cd12e4.ppt?X-Amz-Expires=432000&X-Amz-Algorithm=AWS4-HMAC-SHA256&X-Amz-Credential=4BvAAGxVbRSLB347BK9Xyi/20231101/us-east-1/s3/aws4_request&X-Amz-Date=20231101T133254Z&X-Amz-SignedHeaders=host&X-Amz-Signature=5c9cd527068a34dcd33927c2358fe61dad6018e9bba893e6dfade93819e3e182
Grounded Theory for ABM;999011;https://hb.ru-msk.vkcs.cloud/sld-prod-cold/d39c4b74-055f-450b-91d3-ab8704c8114c.pptx?X-Amz-Expires=432000&X-Amz-Algorithm=AWS4-HMAC-SHA256&X-Amz-Credential=4BvAAGxVbRSLB347BK9Xyi/20231101/us-east-1/s3/aws4_request&X-Amz-Date=20231101T133254Z&X-Amz-SignedHeaders=host&X-Amz-Signature=81ffedc57b5b3a96a63b1c1e5c05892af0c9dd54ce7079abc2009db3799ac8d2
Strategies;999011;https://hb.ru-msk.vkcs.cloud/sld-prod-cold/0ac31618-d2ac-418d-abe2-eff21dca1000.ppt?X-Amz-Expires=432000&X-Amz-Algorithm=AWS4-HMAC-SHA256&X-Amz-Credential=4BvAAGxVbRSLB347BK9Xyi/20231101/us-east-1/s3/aws4_request&X-Amz-Date=20231101T133254Z&X-Amz-SignedHeaders=host&X-Amz-Signature=2421dc6b5daa781a2c9f514013e5e11ccf98665ae8adcec4ba23d73b408a9d73
Production Possibilities and Opportunity Cost;999011;https://hb.ru-msk.vkcs.cloud/sld-prod-cold/219811ac-4fe1-4e12-80c1-ee7af85f4ed6.ppt?X-Amz-Expires=432000&X-Amz-Algorithm=AWS4-HMAC-SHA256&X-Amz-Credential=4BvAAGxVbRSLB347BK9Xyi/20231101/us-east-1/s3/aws4_request&X-Amz-Date=20231101T133254Z&X-Amz-SignedHeaders=host&X-Amz-Signature=bb8a28159679b0f323b636f13ad50b4bbf9e209faea6384403efce833be241ad
Production;999011;https://hb.ru-msk.vkcs.cloud/sld-prod-cold/ddf770bd-cddf-4021-b88b-1eababacea6b.ppt?X-Amz-Expires=432000&X-Amz-Algorithm=AWS4-HMAC-SHA256&X-Amz-Credential=4BvAAGxVbRSLB347BK9Xyi/20231101/us-east-1/s3/aws4_request&X-Amz-Date=20231101T133254Z&X-Amz-SignedHeaders=host&X-Amz-Signature=36237bb39ef53ef34f33fd246607426ecaa4a39ab213ddec5c66051da16349d7
Comparative Advantage and the Gains from Trade;999011;https://hb.ru-msk.vkcs.cloud/sld-prod-cold/3eb1d571-1e77-4fa5-8600-a6533019502f.pptx?X-Amz-Expires=432000&X-Amz-Algorithm=AWS4-HMAC-SHA256&X-Amz-Credential=4BvAAGxVbRSLB347BK9Xyi/20231101/us-east-1/s3/aws4_request&X-Amz-Date=20231101T133254Z&X-Amz-SignedHeaders=host&X-Amz-Signature=8e8bc529a4702d02488b68c0c5425caf09c5f5b9e601c21cc8362f1821cd77f5
Economic consequences of social unrest;999011;https://hb.ru-msk.vkcs.cloud/sld-prod-cold/02fb13d1-b322-4896-b88f-d44715da1f06.pptx?X-Amz-Expires=432000&X-Amz-Algorithm=AWS4-HMAC-SHA256&X-Amz-Credential=4BvAAGxVbRSLB347BK9Xyi/20231101/us-east-1/s3/aws4_request&X-Amz-Date=20231101T133254Z&X-Amz-SignedHeaders=host&X-Amz-Signature=5b96aaaa362c0c567063cd24c93c5fc61fcfb6fb73e68e7ef02992bc33d17edf
Savings and Investment;999011;https://hb.ru-msk.vkcs.cloud/sld-prod-cold/773d7fad-ae2c-460d-bf13-3bdb0b9b2e13.pptx?X-Amz-Expires=432000&X-Amz-Algorithm=AWS4-HMAC-SHA256&X-Amz-Credential=4BvAAGxVbRSLB347BK9Xyi/20231101/us-east-1/s3/aws4_request&X-Amz-Date=20231101T133254Z&X-Amz-SignedHeaders=host&X-Amz-Signature=135c86da3d867091d704b024877b270836d6ef6188b5746b6c9880c585430956
Агентное моделирование как инструмент анализа социально-экономического развития;999011;https://hb.ru-msk.vkcs.cloud/sld-prod-cold/1f8e4424-8493-4d1e-89c1-d7955224d881.pptx?X-Amz-Expires=432000&X-Amz-Algorithm=AWS4-HMAC-SHA256&X-Amz-Credential=4BvAAGxVbRSLB347BK9Xyi/20231101/us-east-1/s3/aws4_request&X-Amz-Date=20231101T133254Z&X-Amz-SignedHeaders=host&X-Amz-Signature=d1eeb1a02fed8d0f72db97378646bc5c817afa7ff648a3a49daa824069c3ff10
Definitions of Money;999011;https://hb.ru-msk.vkcs.cloud/sld-prod-cold/ccfe1fda-1446-4854-96c2-90dcebc5ddc5.pptx?X-Amz-Expires=432000&X-Amz-Algorithm=AWS4-HMAC-SHA256&X-Amz-Credential=4BvAAGxVbRSLB347BK9Xyi/20231101/us-east-1/s3/aws4_request&X-Amz-Date=20231101T133254Z&X-Amz-SignedHeaders=host&X-Amz-Signature=0aa4d32a75aa03dd7b6302f6eebf928169908504446e5de4266fc09d853d9197
Симметричные таблицы «затраты-выпуск». ;999011;https://hb.ru-msk.vkcs.cloud/sld-prod-cold/68e7c6b7-c7d2-415b-a7df-c8b829093b4a.pptx?X-Amz-Expires=432000&X-Amz-Algorithm=AWS4-HMAC-SHA256&X-Amz-Credential=4BvAAGxVbRSLB347BK9Xyi/20231101/us-east-1/s3/aws4_request&X-Amz-Date=20231101T133254Z&X-Amz-SignedHeaders=host&X-Amz-Signature=c65d6a63cd0bd9c6b7d5610dec10164b9d387c2ef584d37881d9853bec90e05a
Трансформация мировой гегемонии США в условиях подъёма Китая;999011;https://hb.ru-msk.vkcs.cloud/sld-prod-cold/e375f927-2ecb-46f8-8241-a50f85cc4e02.pptx?X-Amz-Expires=432000&X-Amz-Algorithm=AWS4-HMAC-SHA256&X-Amz-Credential=4BvAAGxVbRSLB347BK9Xyi/20231101/us-east-1/s3/aws4_request&X-Amz-Date=20231101T133254Z&X-Amz-SignedHeaders=host&X-Amz-Signature=1d11020d84f58380c24d23c7b97dfa9566176242489081cef2dba641cbb05ce3
The Fibonacci Sequence and Golden Ratio in Finance;999011;https://hb.ru-msk.vkcs.cloud/sld-prod-cold/7146ba32-d87c-47c1-9d26-314d9168cca3.pptx?X-Amz-Expires=432000&X-Amz-Algorithm=AWS4-HMAC-SHA256&X-Amz-Credential=4BvAAGxVbRSLB347BK9Xyi/20231101/us-east-1/s3/aws4_request&X-Amz-Date=20231101T133254Z&X-Amz-SignedHeaders=host&X-Amz-Signature=578a3fb4c623c518506203774c699f5f325f81c9a208b33029407c038e640c94
Международная торговля и международные морские перевозки грузов;999011;https://hb.ru-msk.vkcs.cloud/sld-prod-cold/f1f82691-ff7e-4bac-8a69-08316db8c8fd.ppt?X-Amz-Expires=432000&X-Amz-Algorithm=AWS4-HMAC-SHA256&X-Amz-Credential=4BvAAGxVbRSLB347BK9Xyi/20231101/us-east-1/s3/aws4_request&X-Amz-Date=20231101T133254Z&X-Amz-SignedHeaders=host&X-Amz-Signature=0a0254862717a15a88db2a753d938c0adf85a954a8ec59a3c798603006505297
Introduction to Business Information Systems  ;999011;https://hb.ru-msk.vkcs.cloud/sld-prod-cold/bf35e2e6-48f2-4a30-ae9f-3ace4637cd1a.ppt?X-Amz-Expires=432000&X-Amz-Algorithm=AWS4-HMAC-SHA256&X-Amz-Credential=4BvAAGxVbRSLB347BK9Xyi/20231101/us-east-1/s3/aws4_request&X-Amz-Date=20231101T133254Z&X-Amz-SignedHeaders=host&X-Amz-Signature=2831f2cac8dd6b5645d1d3129b2258aa874d634de5593adf9a6601cada4a6ae6
Practical DSGE modelling 1;999011;https://hb.ru-msk.vkcs.cloud/sld-prod-cold/40d29a57-490e-4364-b13d-67606e120f14.ppt?X-Amz-Expires=432000&X-Amz-Algorithm=AWS4-HMAC-SHA256&X-Amz-Credential=4BvAAGxVbRSLB347BK9Xyi/20231101/us-east-1/s3/aws4_request&X-Amz-Date=20231101T133254Z&X-Amz-SignedHeaders=host&X-Amz-Signature=1f63d942a6cc5756bed9b827077b3151b5430ab6a8b0487b83e37c074ee2188f
Practical DSGE modelling 2;999011;https://hb.ru-msk.vkcs.cloud/sld-prod-cold/5e3f33a2-2bbb-4583-83b8-a7be636eeed2.ppt?X-Amz-Expires=432000&X-Amz-Algorithm=AWS4-HMAC-SHA256&X-Amz-Credential=4BvAAGxVbRSLB347BK9Xyi/20231101/us-east-1/s3/aws4_request&X-Amz-Date=20231101T133254Z&X-Amz-SignedHeaders=host&X-Amz-Signature=edacb1f6084d4fc3384622721a2c15557b9fbef1fd0833c970a1cd11cea97049
INFORMATION SYSTEMS, ORGANIZATIONS and BUSINESS PROCESSES;999011;https://hb.ru-msk.vkcs.cloud/sld-prod-cold/8a30c6ee-a065-45d8-a1aa-fa4d711178c4.ppt?X-Amz-Expires=432000&X-Amz-Algorithm=AWS4-HMAC-SHA256&X-Amz-Credential=4BvAAGxVbRSLB347BK9Xyi/20231101/us-east-1/s3/aws4_request&X-Amz-Date=20231101T133254Z&X-Amz-SignedHeaders=host&X-Amz-Signature=5bb6eda60bb98ba3e64a0452296e04218a965fb1805099f98cbf2e183975b795
Practical DSGE modelling 3;999011;https://hb.ru-msk.vkcs.cloud/sld-prod-cold/0cdc0034-b211-4010-a697-e76ce44da679.ppt?X-Amz-Expires=432000&X-Amz-Algorithm=AWS4-HMAC-SHA256&X-Amz-Credential=4BvAAGxVbRSLB347BK9Xyi/20231101/us-east-1/s3/aws4_request&X-Amz-Date=20231101T133254Z&X-Amz-SignedHeaders=host&X-Amz-Signature=b4c713689b668430488d572c2813a4f2667edd4e98325d03e3e2c609fb9f715d
Managing Information in the Global Economy;999011;https://hb.ru-msk.vkcs.cloud/sld-prod-cold/22a5a86b-b4ee-4215-901d-65fbc57aff63.ppt?X-Amz-Expires=432000&X-Amz-Algorithm=AWS4-HMAC-SHA256&X-Amz-Credential=4BvAAGxVbRSLB347BK9Xyi/20231101/us-east-1/s3/aws4_request&X-Amz-Date=20231101T133254Z&X-Amz-SignedHeaders=host&X-Amz-Signature=4805082f9dcc7d724b1b20a3fcd5ecea26a9353311cb23e9ac0e00bf513633c0
Practical DSGE modelling 4;999011;https://hb.ru-msk.vkcs.cloud/sld-prod-cold/6dcf35b6-751b-44aa-b365-6dc2a7a933b9.ppt?X-Amz-Expires=432000&X-Amz-Algorithm=AWS4-HMAC-SHA256&X-Amz-Credential=4BvAAGxVbRSLB347BK9Xyi/20231101/us-east-1/s3/aws4_request&X-Amz-Date=20231101T133254Z&X-Amz-SignedHeaders=host&X-Amz-Signature=a09519302e6c11fc3a3daa7aaef6332e5d04af4760303fb301f8ec4cb6689597
Emergence of the Digital Firm;999011;https://hb.ru-msk.vkcs.cloud/sld-prod-cold/b20636cb-a655-427d-9164-e54305315461.ppt?X-Amz-Expires=432000&X-Amz-Algorithm=AWS4-HMAC-SHA256&X-Amz-Credential=4BvAAGxVbRSLB347BK9Xyi/20231101/us-east-1/s3/aws4_request&X-Amz-Date=20231101T133254Z&X-Amz-SignedHeaders=host&X-Amz-Signature=fe2d5640377bee8b743a73261c4ef3e27083c0242f133dd82c2dea2d0b64397d
Practical DSGE modelling 5;999011;https://hb.ru-msk.vkcs.cloud/sld-prod-cold/0b143deb-e19d-44d8-ad0c-cd7509b866b8.ppt?X-Amz-Expires=432000&X-Amz-Algorithm=AWS4-HMAC-SHA256&X-Amz-Credential=4BvAAGxVbRSLB347BK9Xyi/20231101/us-east-1/s3/aws4_request&X-Amz-Date=20231101T133254Z&X-Amz-SignedHeaders=host&X-Amz-Signature=15dae5926d8e216fd24a4872908e5298ddde708dfe2ca786b9cf1a6515085e6b
Security;999011;https://hb.ru-msk.vkcs.cloud/sld-prod-cold/b396a53d-1060-4484-a12b-337a121c119c.ppt?X-Amz-Expires=432000&X-Amz-Algorithm=AWS4-HMAC-SHA256&X-Amz-Credential=4BvAAGxVbRSLB347BK9Xyi/20231101/us-east-1/s3/aws4_request&X-Amz-Date=20231101T133254Z&X-Amz-SignedHeaders=host&X-Amz-Signature=46c135cf940225ba9daa783599613a7f58390526a12824094227f8c6b44eda83
Practical DSGE modelling 6;999011;https://hb.ru-msk.vkcs.cloud/sld-prod-cold/4bbcc12e-00a2-48f9-9d4e-427bbdf2eb81.ppt?X-Amz-Expires=432000&X-Amz-Algorithm=AWS4-HMAC-SHA256&X-Amz-Credential=4BvAAGxVbRSLB347BK9Xyi/20231101/us-east-1/s3/aws4_request&X-Amz-Date=20231101T133254Z&X-Amz-SignedHeaders=host&X-Amz-Signature=e6a53e8e63dbdb9ae3dda8d3c9438f31de0b2d3afdda17b0ad7e5ca4c6c3687b
Practical DSGE modelling 7;999011;https://hb.ru-msk.vkcs.cloud/sld-prod-cold/7d5f74e4-b226-460c-8561-7978b8a394f4.ppt?X-Amz-Expires=432000&X-Amz-Algorithm=AWS4-HMAC-SHA256&X-Amz-Credential=4BvAAGxVbRSLB347BK9Xyi/20231101/us-east-1/s3/aws4_request&X-Amz-Date=20231101T133254Z&X-Amz-SignedHeaders=host&X-Amz-Signature=3cffd25438fae4a246e28cfe44bd073a470446518e3bd843022145cb6c964c9f
Software;999011;https://hb.ru-msk.vkcs.cloud/sld-prod-cold/472cef1e-523c-4a24-8ebd-a27b4d4276fd.ppt?X-Amz-Expires=432000&X-Amz-Algorithm=AWS4-HMAC-SHA256&X-Amz-Credential=4BvAAGxVbRSLB347BK9Xyi/20231101/us-east-1/s3/aws4_request&X-Amz-Date=20231101T133254Z&X-Amz-SignedHeaders=host&X-Amz-Signature=ea33579c75867d7fbfeb94bb4ab59dbb59af3f554ba4978f69ca10b875cf1779
Creating a Wireless, 21st Century Organization;999011;https://hb.ru-msk.vkcs.cloud/sld-prod-cold/8eee92b8-3418-4452-ab9a-e5291e5b4cef.ppt?X-Amz-Expires=432000&X-Amz-Algorithm=AWS4-HMAC-SHA256&X-Amz-Credential=4BvAAGxVbRSLB347BK9Xyi/20231101/us-east-1/s3/aws4_request&X-Amz-Date=20231101T133254Z&X-Amz-SignedHeaders=host&X-Amz-Signature=f09bd2e89af552a2309284bc564f53921e60738ecca10c7f220a1967479596d6
THE DIGITAL FIRM - Ethical and social issues 2;999011;https://hb.ru-msk.vkcs.cloud/sld-prod-cold/adb5b20f-c64b-4c04-b9b0-420e82d5fc72.ppt?X-Amz-Expires=432000&X-Amz-Algorithm=AWS4-HMAC-SHA256&X-Amz-Credential=4BvAAGxVbRSLB347BK9Xyi/20231101/us-east-1/s3/aws4_request&X-Amz-Date=20231101T133254Z&X-Amz-SignedHeaders=host&X-Amz-Signature=8cb6761203d358eb68f36e09e3114f8c9f0023cab48da0cf47b31f296f9d7e90
Data Modeling;999011;https://hb.ru-msk.vkcs.cloud/sld-prod-cold/7cf54bf4-bcb7-4592-af03-2998b1b857ec.ppt?X-Amz-Expires=432000&X-Amz-Algorithm=AWS4-HMAC-SHA256&X-Amz-Credential=4BvAAGxVbRSLB347BK9Xyi/20231101/us-east-1/s3/aws4_request&X-Amz-Date=20231101T133254Z&X-Amz-SignedHeaders=host&X-Amz-Signature=30084da0b5bdf616dfc19f2e7b41a2c0b4c95afae90a4383a70fd8e7ce7f022d
Data bases Storing and Valuing Information;999011;https://hb.ru-msk.vkcs.cloud/sld-prod-cold/831a83ae-93a3-4756-af14-5ba008b52ae2.ppt?X-Amz-Expires=432000&X-Amz-Algorithm=AWS4-HMAC-SHA256&X-Amz-Credential=4BvAAGxVbRSLB347BK9Xyi/20231101/us-east-1/s3/aws4_request&X-Amz-Date=20231101T133254Z&X-Amz-SignedHeaders=host&X-Amz-Signature=4ce5ed873b836cfbb0cade3d81516ff2317ad79ea725684245b65efe39dda71e
E-Business Models;999011;https://hb.ru-msk.vkcs.cloud/sld-prod-cold/45e7ee7d-e839-4dfa-9626-c7f12ad22522.ppt?X-Amz-Expires=432000&X-Amz-Algorithm=AWS4-HMAC-SHA256&X-Amz-Credential=4BvAAGxVbRSLB347BK9Xyi/20231101/us-east-1/s3/aws4_request&X-Amz-Date=20231101T133254Z&X-Amz-SignedHeaders=host&X-Amz-Signature=0bef2b39af91aeeb211e465575fed2281ade7f5533edd1f682d051c45f1000ae
Emerging Trends and Technologies;999011;https://hb.ru-msk.vkcs.cloud/sld-prod-cold/a9896adc-2547-44e6-95de-94e0dd416a7f.ppt?X-Amz-Expires=432000&X-Amz-Algorithm=AWS4-HMAC-SHA256&X-Amz-Credential=4BvAAGxVbRSLB347BK9Xyi/20231101/us-east-1/s3/aws4_request&X-Amz-Date=20231101T133254Z&X-Amz-SignedHeaders=host&X-Amz-Signature=79450c30a10a9498f6a6122cc11a9b8ba998ab6ca040d8d6a2a2d41d1082f4b0
Ethics;999011;https://hb.ru-msk.vkcs.cloud/sld-prod-cold/fda1238e-8779-43cd-9bdf-74b01a0b43cd.ppt?X-Amz-Expires=432000&X-Amz-Algorithm=AWS4-HMAC-SHA256&X-Amz-Credential=4BvAAGxVbRSLB347BK9Xyi/20231101/us-east-1/s3/aws4_request&X-Amz-Date=20231101T133254Z&X-Amz-SignedHeaders=host&X-Amz-Signature=b57fab68ab667b42ea748251c729a39f51187f99c9c7d466edc8d01938bf07d1
Telecommunications;999011;https://hb.ru-msk.vkcs.cloud/sld-prod-cold/9093e94b-c993-48c2-ba01-6c51976d6d97.ppt?X-Amz-Expires=432000&X-Amz-Algorithm=AWS4-HMAC-SHA256&X-Amz-Credential=4BvAAGxVbRSLB347BK9Xyi/20231101/us-east-1/s3/aws4_request&X-Amz-Date=20231101T133254Z&X-Amz-SignedHeaders=host&X-Amz-Signature=700fe73f08f71e9f9b12f1a99962f8dfa12ff202f3bc7f4b9101458718cf1e11
Internet Basics;999011;https://hb.ru-msk.vkcs.cloud/sld-prod-cold/737aa9d3-96c3-492c-a82c-d6e7d8023e5b.ppt?X-Amz-Expires=432000&X-Amz-Algorithm=AWS4-HMAC-SHA256&X-Amz-Credential=4BvAAGxVbRSLB347BK9Xyi/20231101/us-east-1/s3/aws4_request&X-Amz-Date=20231101T133254Z&X-Amz-SignedHeaders=host&X-Amz-Signature=c125dfda0a7f4ee4d2127aefdbe52b96a57cf93b2d4fead0a5e48cc2eb79e4bb
Managing the Digital Firm ;999011;https://hb.ru-msk.vkcs.cloud/sld-prod-cold/db1fc911-0e0c-4483-ba6a-3f60bc6a8695.ppt?X-Amz-Expires=432000&X-Amz-Algorithm=AWS4-HMAC-SHA256&X-Amz-Credential=4BvAAGxVbRSLB347BK9Xyi/20231101/us-east-1/s3/aws4_request&X-Amz-Date=20231101T133254Z&X-Amz-SignedHeaders=host&X-Amz-Signature=865246a7637888f6f7c3ed57ac0ab3d893d936771bb606086757ebdeaed8d203
databases Viewing and Protecting Information;999011;https://hb.ru-msk.vkcs.cloud/sld-prod-cold/f350fb86-b01b-4cf6-a0d4-ef677b3e6fe4.ppt?X-Amz-Expires=432000&X-Amz-Algorithm=AWS4-HMAC-SHA256&X-Amz-Credential=4BvAAGxVbRSLB347BK9Xyi/20231101/us-east-1/s3/aws4_request&X-Amz-Date=20231101T133254Z&X-Amz-SignedHeaders=host&X-Amz-Signature=453683c5e9d5e374505724d4e00f22f7a7f23bd7a088b2a5ac4302dba08632fe
The Instruments of Trade Policy;999011;https://hb.ru-msk.vkcs.cloud/sld-prod-cold/c95df5b8-0333-43a6-b99a-caaf25e0bcb0.ppt?X-Amz-Expires=432000&X-Amz-Algorithm=AWS4-HMAC-SHA256&X-Amz-Credential=4BvAAGxVbRSLB347BK9Xyi/20231101/us-east-1/s3/aws4_request&X-Amz-Date=20231101T133254Z&X-Amz-SignedHeaders=host&X-Amz-Signature=d46056c63ee28ac0e3f01fe7693e7002ae9ecb4fe5a2313846285fff4ccc4d6e
Time and Budgets;999011;https://hb.ru-msk.vkcs.cloud/sld-prod-cold/9d554090-2591-4d3d-b92c-07f0d8a4ebe3.ppt?X-Amz-Expires=432000&X-Amz-Algorithm=AWS4-HMAC-SHA256&X-Amz-Credential=4BvAAGxVbRSLB347BK9Xyi/20231101/us-east-1/s3/aws4_request&X-Amz-Date=20231101T133254Z&X-Amz-SignedHeaders=host&X-Amz-Signature=e7afeab706646c327d9e65bed3a930f33483f1c87748e48f8d6b61e0df0c3da2
Information Systems in Organisations;999011;https://hb.ru-msk.vkcs.cloud/sld-prod-cold/6df67cdd-9d7f-48b5-ae69-440cf7928bb1.ppt?X-Amz-Expires=432000&X-Amz-Algorithm=AWS4-HMAC-SHA256&X-Amz-Credential=4BvAAGxVbRSLB347BK9Xyi/20231101/us-east-1/s3/aws4_request&X-Amz-Date=20231101T133254Z&X-Amz-SignedHeaders=host&X-Amz-Signature=eb655eaa0d3209025b0dc1f47c4e477c2dbe91360611bbd13cb2efd2fee5c5a3
INFORMATION SYSTEMS, ORGANIZATIONS and BUSINESS PROCESSES 2;999011;https://hb.ru-msk.vkcs.cloud/sld-prod-cold/66174030-ad42-4603-b260-685c2c65405e.ppt?X-Amz-Expires=432000&X-Amz-Algorithm=AWS4-HMAC-SHA256&X-Amz-Credential=4BvAAGxVbRSLB347BK9Xyi/20231101/us-east-1/s3/aws4_request&X-Amz-Date=20231101T133254Z&X-Amz-SignedHeaders=host&X-Amz-Signature=4120e1dfadfca1a316cc1d1e0d7139f1b5c5d1c4d7c906878a5defd0eb6d6463
INTEGRATING FUNCTIONS AND BUSINESS PROCESSES;999011;https://hb.ru-msk.vkcs.cloud/sld-prod-cold/bfe8e4da-ed05-4b7c-a6cb-6e234cfa28ab.ppt?X-Amz-Expires=432000&X-Amz-Algorithm=AWS4-HMAC-SHA256&X-Amz-Credential=4BvAAGxVbRSLB347BK9Xyi/20231101/us-east-1/s3/aws4_request&X-Amz-Date=20231101T133254Z&X-Amz-SignedHeaders=host&X-Amz-Signature=5a0a0c49f53b4af9e988038895bc9bfee11d1b129a623c915e3e7cf883b8b248
THE DIGITAL FIRM - IT Infrastructure ;999011;https://hb.ru-msk.vkcs.cloud/sld-prod-cold/2bfc6646-351d-4bac-85cf-aefa67910713.ppt?X-Amz-Expires=432000&X-Amz-Algorithm=AWS4-HMAC-SHA256&X-Amz-Credential=4BvAAGxVbRSLB347BK9Xyi/20231101/us-east-1/s3/aws4_request&X-Amz-Date=20231101T133254Z&X-Amz-SignedHeaders=host&X-Amz-Signature=d4e52272bc24e83423bfe0efee49700919514e917cc4a8e772e8c2e199bd764f
INFORMATION SYSTEMS, ORGANIZATIONS and BUSINESS PROCESSES 3;999011;https://hb.ru-msk.vkcs.cloud/sld-prod-cold/20954e90-832d-475d-99ee-d63f88b1ffb4.ppt?X-Amz-Expires=432000&X-Amz-Algorithm=AWS4-HMAC-SHA256&X-Amz-Credential=4BvAAGxVbRSLB347BK9Xyi/20231101/us-east-1/s3/aws4_request&X-Amz-Date=20231101T133254Z&X-Amz-SignedHeaders=host&X-Amz-Signature=3518421be5da06e24d5e21376a1fb45f2696397e2370bec81a8d737923314edc
THE DIGITAL FIRM - Ethical and social issues;999011;https://hb.ru-msk.vkcs.cloud/sld-prod-cold/6888cd45-e1e8-490b-bd62-a8d730b3116d.ppt?X-Amz-Expires=432000&X-Amz-Algorithm=AWS4-HMAC-SHA256&X-Amz-Credential=4BvAAGxVbRSLB347BK9Xyi/20231101/us-east-1/s3/aws4_request&X-Amz-Date=20231101T133254Z&X-Amz-SignedHeaders=host&X-Amz-Signature=c2a8cbf2c3f62ccf38ed8ee0184052659f9b62926272053e2c230683f15771c1
Intertemporal exchange;999011;https://hb.ru-msk.vkcs.cloud/sld-prod-cold/7e70d4e7-e5b5-4a24-ada2-4a740e5a746f.ppt?X-Amz-Expires=432000&X-Amz-Algorithm=AWS4-HMAC-SHA256&X-Amz-Credential=4BvAAGxVbRSLB347BK9Xyi/20231101/us-east-1/s3/aws4_request&X-Amz-Date=20231101T133254Z&X-Amz-SignedHeaders=host&X-Amz-Signature=7caea52910c57d54f04aab94810493b139dd1f12af8186737aa8bb847a2f5e13
Market;999011;https://hb.ru-msk.vkcs.cloud/sld-prod-cold/d56991fa-ea4d-45df-8fe0-7200ec8644d3.ppt?X-Amz-Expires=432000&X-Amz-Algorithm=AWS4-HMAC-SHA256&X-Amz-Credential=4BvAAGxVbRSLB347BK9Xyi/20231101/us-east-1/s3/aws4_request&X-Amz-Date=20231101T133254Z&X-Amz-SignedHeaders=host&X-Amz-Signature=da1245afa1c182f417d84e309a0c8a4385eef9aa7f65b9e39d38b2b1a1b462ad
FOUNDATIONS OF MICRO-BANKING THEORY;999011;https://hb.ru-msk.vkcs.cloud/sld-prod-cold/b3379f44-3dc6-4b2b-8c84-eabcb926a019.ppt?X-Amz-Expires=432000&X-Amz-Algorithm=AWS4-HMAC-SHA256&X-Amz-Credential=4BvAAGxVbRSLB347BK9Xyi/20231101/us-east-1/s3/aws4_request&X-Amz-Date=20231101T133254Z&X-Amz-SignedHeaders=host&X-Amz-Signature=9f7ec647acf014f7a75a2d2f7ea38917358ef165cad776946cdab4c76f45df96
Budgetary and Other Constraints on Choice;999011;https://hb.ru-msk.vkcs.cloud/sld-prod-cold/5b5b9e6c-3ba8-4cd3-a11a-06fcfc8fd9b6.ppt?X-Amz-Expires=432000&X-Amz-Algorithm=AWS4-HMAC-SHA256&X-Amz-Credential=4BvAAGxVbRSLB347BK9Xyi/20231101/us-east-1/s3/aws4_request&X-Amz-Date=20231101T133254Z&X-Amz-SignedHeaders=host&X-Amz-Signature=9156712b5aaacac41e5c9279af47faa5b5732ec1508fc4e21327a13298af639a
эндаумент-фонд финансового университета;236343;https://hb.ru-msk.vkcs.cloud/sld-prod-cold/7c5a08c9-4b67-42ff-b454-9627ca76c56d.pptx?X-Amz-Expires=432000&X-Amz-Algorithm=AWS4-HMAC-SHA256&X-Amz-Credential=4BvAAGxVbRSLB347BK9Xyi/20231101/us-east-1/s3/aws4_request&X-Amz-Date=20231101T133254Z&X-Amz-SignedHeaders=host&X-Amz-Signature=90a3fd33e82426ae836219e87d2f7178a5ba5864ecfb4d3fd9b7cee7d2d92b33
Институт глобальных исследований Финансового университета - цели и задачи;999011;https://hb.ru-msk.vkcs.cloud/sld-prod-cold/9ab2675d-4237-4da6-97d7-89bfe00d598c.pptx?X-Amz-Expires=432000&X-Amz-Algorithm=AWS4-HMAC-SHA256&X-Amz-Credential=4BvAAGxVbRSLB347BK9Xyi/20231101/us-east-1/s3/aws4_request&X-Amz-Date=20231101T133254Z&X-Amz-SignedHeaders=host&X-Amz-Signature=21d68104564d322b4e4a9d34b2c6182a14e97d8f106623dcd3666210f0b02d13
трансформационное образование для студентов МЭО;999011;https://hb.ru-msk.vkcs.cloud/sld-prod-cold/e15e3ccb-9168-4c6b-9bc7-f4d92fd5e383.pptx?X-Amz-Expires=432000&X-Amz-Algorithm=AWS4-HMAC-SHA256&X-Amz-Credential=4BvAAGxVbRSLB347BK9Xyi/20231101/us-east-1/s3/aws4_request&X-Amz-Date=20231101T133254Z&X-Amz-SignedHeaders=host&X-Amz-Signature=aa7870e69cdced9fe6b3d57dbe0e879504ac095e94e386fb267abcbd1f6940db
Калита большой кошелек;236343;https://hb.ru-msk.vkcs.cloud/sld-prod-cold/990a2ee4-a966-4c9f-8fc0-2963efd17cf7.pptx?X-Amz-Expires=432000&X-Amz-Algorithm=AWS4-HMAC-SHA256&X-Amz-Credential=4BvAAGxVbRSLB347BK9Xyi/20231101/us-east-1/s3/aws4_request&X-Amz-Date=20231101T133254Z&X-Amz-SignedHeaders=host&X-Amz-Signature=e94c182bb72b3bcf4340eb6bb1ac63cf6954c4ee515a947a8e2da132f743b8e0
королева финансов !;236343;https://hb.ru-msk.vkcs.cloud/sld-prod-cold/32a4efd9-7865-4057-a24c-4612f3d6f058.pptx?X-Amz-Expires=432000&X-Amz-Algorithm=AWS4-HMAC-SHA256&X-Amz-Credential=4BvAAGxVbRSLB347BK9Xyi/20231101/us-east-1/s3/aws4_request&X-Amz-Date=20231101T133254Z&X-Amz-SignedHeaders=host&X-Amz-Signature=fabce52dc0a5f73f83db9d919e0db1dd5edfe705d86d924fdf3105c96bda9a53
наука о древности !;236343;https://hb.ru-msk.vkcs.cloud/sld-prod-cold/19e59900-5c64-4723-b24b-5d6b829702ca.pptx?X-Amz-Expires=432000&X-Amz-Algorithm=AWS4-HMAC-SHA256&X-Amz-Credential=4BvAAGxVbRSLB347BK9Xyi/20231101/us-east-1/s3/aws4_request&X-Amz-Date=20231101T133254Z&X-Amz-SignedHeaders=host&X-Amz-Signature=192fa2e0e753356de9d76638e8c620bb694952738986038460bd4154ca9bd42c
Древняя русь и византия !;236343;https://hb.ru-msk.vkcs.cloud/sld-prod-cold/fdd966f0-6c4d-4a8e-b177-603192214f11.pptx?X-Amz-Expires=432000&X-Amz-Algorithm=AWS4-HMAC-SHA256&X-Amz-Credential=4BvAAGxVbRSLB347BK9Xyi/20231101/us-east-1/s3/aws4_request&X-Amz-Date=20231101T133254Z&X-Amz-SignedHeaders=host&X-Amz-Signature=2a40471425829beb27e3f6279f1d1175e877a7f2986c9f11b13473bdb5435bb5
Меркантилизм-первая экономическая школа Нового Времени.;236343;https://hb.ru-msk.vkcs.cloud/sld-prod-cold/8a13b3fb-a679-41fb-818a-e388cca14c42.pptx?X-Amz-Expires=432000&X-Amz-Algorithm=AWS4-HMAC-SHA256&X-Amz-Credential=4BvAAGxVbRSLB347BK9Xyi/20231101/us-east-1/s3/aws4_request&X-Amz-Date=20231101T133254Z&X-Amz-SignedHeaders=host&X-Amz-Signature=8858d268453847f65d792049c29dff0eb3ad9e2506edc9f0c8bd61321bd0e8c1
ТРАДИЦИОННАЯ ЭКОНОМИКА;237894;https://hb.ru-msk.vkcs.cloud/sld-prod-cold/17e7a321-a2e9-4109-a74d-b733db161402.pptx?X-Amz-Expires=432000&X-Amz-Algorithm=AWS4-HMAC-SHA256&X-Amz-Credential=4BvAAGxVbRSLB347BK9Xyi/20231101/us-east-1/s3/aws4_request&X-Amz-Date=20231101T133254Z&X-Amz-SignedHeaders=host&X-Amz-Signature=301b6f0e28c090b3672945b1c3801275cff4728b8d9ccaaf8fd63bc4fca47d13
Emergence of the Digital Firm;999011;https://hb.ru-msk.vkcs.cloud/sld-prod-cold/67269a80-957b-4074-934b-be52cdde5968.ppt?X-Amz-Expires=432000&X-Amz-Algorithm=AWS4-HMAC-SHA256&X-Amz-Credential=4BvAAGxVbRSLB347BK9Xyi/20231101/us-east-1/s3/aws4_request&X-Amz-Date=20231101T133254Z&X-Amz-SignedHeaders=host&X-Amz-Signature=7d436b35b4805b341ba3f792c1b4dfe02746ea24232e6d81290583588ed25184
Ливонская война;230680;https://hb.ru-msk.vkcs.cloud/sld-prod-cold/7b4acbd4-21be-4126-b291-544bec1da92c.pptx?X-Amz-Expires=432000&X-Amz-Algorithm=AWS4-HMAC-SHA256&X-Amz-Credential=4BvAAGxVbRSLB347BK9Xyi/20231101/us-east-1/s3/aws4_request&X-Amz-Date=20231101T133254Z&X-Amz-SignedHeaders=host&X-Amz-Signature=d9e3d7717154e24b840372b3af50cebb7eaf7044c7da441aba32c79f55575f77
The Impact of Investments on the Economy;230680;https://hb.ru-msk.vkcs.cloud/sld-prod-cold/4a9fdf97-b079-4080-8bbf-5a3e8c92dfec.pptx?X-Amz-Expires=432000&X-Amz-Algorithm=AWS4-HMAC-SHA256&X-Amz-Credential=4BvAAGxVbRSLB347BK9Xyi/20231101/us-east-1/s3/aws4_request&X-Amz-Date=20231101T133254Z&X-Amz-SignedHeaders=host&X-Amz-Signature=e70c71f88c1d875ae905762781ac7e2c5735fdabb41f588b7f54662ee783b1f3
экологические проблемы;237894;https://hb.ru-msk.vkcs.cloud/sld-prod-cold/c16ac810-e836-43ca-b97a-d1c767f93d6f.pptx?X-Amz-Expires=432000&X-Amz-Algorithm=AWS4-HMAC-SHA256&X-Amz-Credential=4BvAAGxVbRSLB347BK9Xyi/20231101/us-east-1/s3/aws4_request&X-Amz-Date=20231101T133254Z&X-Amz-SignedHeaders=host&X-Amz-Signature=a080208ea590d4539a1702de873263a65e4f4e12525299838e63711787c280d2
Неолитическая революция;230618;https://hb.ru-msk.vkcs.cloud/sld-prod-cold/f94636e0-1804-4fd3-8867-eb3583df5f1b.pptx?X-Amz-Expires=432000&X-Amz-Algorithm=AWS4-HMAC-SHA256&X-Amz-Credential=4BvAAGxVbRSLB347BK9Xyi/20231101/us-east-1/s3/aws4_request&X-Amz-Date=20231101T133254Z&X-Amz-SignedHeaders=host&X-Amz-Signature=b84823da94a6dc632d9ba94980bf76b787131c898d424fd15aa38af072a60f1b
"Отношение_китайцев_к_""внешнему_миру""";237802;https://hb.ru-msk.vkcs.cloud/sld-prod-cold/d8e2d260-0761-4ad4-b460-8c6f2a9b1e5e.pptx?X-Amz-Expires=432000&X-Amz-Algorithm=AWS4-HMAC-SHA256&X-Amz-Credential=4BvAAGxVbRSLB347BK9Xyi/20231101/us-east-1/s3/aws4_request&X-Amz-Date=20231101T133254Z&X-Amz-SignedHeaders=host&X-Amz-Signature=6181a9c091e526d8c916d51c7fb3c52a8ba9d1354e96ddd60a3c707488e101ce
Становление крепостного права в россии;235927;https://hb.ru-msk.vkcs.cloud/sld-prod-cold/34730405-88e7-4d27-b816-bd0297d64c9b.pptx?X-Amz-Expires=432000&X-Amz-Algorithm=AWS4-HMAC-SHA256&X-Amz-Credential=4BvAAGxVbRSLB347BK9Xyi/20231101/us-east-1/s3/aws4_request&X-Amz-Date=20231101T133254Z&X-Amz-SignedHeaders=host&X-Amz-Signature=32226948f5cbf72c7b03567a8111cb14e07bc814af8211b13d1a5ef03e4b55f7
хронология;235927;https://hb.ru-msk.vkcs.cloud/sld-prod-cold/306a4456-a1d1-41f7-ab36-d944c1e4527b.pptx?X-Amz-Expires=432000&X-Amz-Algorithm=AWS4-HMAC-SHA256&X-Amz-Credential=4BvAAGxVbRSLB347BK9Xyi/20231101/us-east-1/s3/aws4_request&X-Amz-Date=20231101T133254Z&X-Amz-SignedHeaders=host&X-Amz-Signature=55bf40cd40f502d4bf3c768ba67c3059e699346fbde164721f6536e02107425c
Важность невербальных жестов ;231071;https://hb.ru-msk.vkcs.cloud/sld-prod-cold/096c86ef-d173-4e17-99ac-acdddce0fd3e.pptx?X-Amz-Expires=432000&X-Amz-Algorithm=AWS4-HMAC-SHA256&X-Amz-Credential=4BvAAGxVbRSLB347BK9Xyi/20231101/us-east-1/s3/aws4_request&X-Amz-Date=20231101T133254Z&X-Amz-SignedHeaders=host&X-Amz-Signature=1c99f5b6494f85dc881e701d3c60815250d6bdc19a9bc959e93c6b34a9f5aa40
Проблема эффективности  рыночного механизма;237802;https://hb.ru-msk.vkcs.cloud/sld-prod-cold/6538d545-ab76-442d-b5f2-3586acf886fd.pptx?X-Amz-Expires=432000&X-Amz-Algorithm=AWS4-HMAC-SHA256&X-Amz-Credential=4BvAAGxVbRSLB347BK9Xyi/20231101/us-east-1/s3/aws4_request&X-Amz-Date=20231101T133254Z&X-Amz-SignedHeaders=host&X-Amz-Signature=ae357aefabccc01b65e7584a62b35ac743fc36e43064920ce16a177b4d65d1ae
Борис годунов;230618;https://hb.ru-msk.vkcs.cloud/sld-prod-cold/a0d2678c-77fd-4485-b337-8ce8d7dd098f.pptx?X-Amz-Expires=432000&X-Amz-Algorithm=AWS4-HMAC-SHA256&X-Amz-Credential=4BvAAGxVbRSLB347BK9Xyi/20231101/us-east-1/s3/aws4_request&X-Amz-Date=20231101T133254Z&X-Amz-SignedHeaders=host&X-Amz-Signature=45f4209a879c4f226860a065d2ffea9187258a5bd21281253cfc4aa89214fa36
Как студенту МЭО монетизировать свои научные компетенции;999011;https://hb.ru-msk.vkcs.cloud/sld-prod-cold/c50c1657-d75e-4b2b-918c-83684fb27392.pptx?X-Amz-Expires=432000&X-Amz-Algorithm=AWS4-HMAC-SHA256&X-Amz-Credential=4BvAAGxVbRSLB347BK9Xyi/20231101/us-east-1/s3/aws4_request&X-Amz-Date=20231101T133254Z&X-Amz-SignedHeaders=host&X-Amz-Signature=6f2f2363ac488f6a3d60c35a12a2dff13049745b2ab748407eb88b3657a50d7b
Россия и Pax CINICA;999011;https://hb.ru-msk.vkcs.cloud/sld-prod-cold/e4781056-0730-4d9a-9557-3ea4ab3a5bd8.pptx?X-Amz-Expires=432000&X-Amz-Algorithm=AWS4-HMAC-SHA256&X-Amz-Credential=4BvAAGxVbRSLB347BK9Xyi/20231101/us-east-1/s3/aws4_request&X-Amz-Date=20231101T133254Z&X-Amz-SignedHeaders=host&X-Amz-Signature=95e7d1a13daa2ace09395ddcc7ff9cd0471e221cba6cc9fedc44d592de19cac5
Технологический суверенитет России;999011;https://hb.ru-msk.vkcs.cloud/sld-prod-cold/1de19646-a8b5-424e-b39e-00347fb4b74f.pptx?X-Amz-Expires=432000&X-Amz-Algorithm=AWS4-HMAC-SHA256&X-Amz-Credential=4BvAAGxVbRSLB347BK9Xyi/20231101/us-east-1/s3/aws4_request&X-Amz-Date=20231101T133254Z&X-Amz-SignedHeaders=host&X-Amz-Signature=0bbcba86c64903b964ab69a3554a047286831e2e31dc79100514d86ed711d5b1
Цивилизационный подход;230618;https://hb.ru-msk.vkcs.cloud/sld-prod-cold/bbd9a31b-2d2e-41c5-83df-70a3c3108261.pptx?X-Amz-Expires=432000&X-Amz-Algorithm=AWS4-HMAC-SHA256&X-Amz-Credential=4BvAAGxVbRSLB347BK9Xyi/20231101/us-east-1/s3/aws4_request&X-Amz-Date=20231101T133254Z&X-Amz-SignedHeaders=host&X-Amz-Signature=926c01ef8306b7602e4f405bc755e8b2d94544f22502b240627f36338da8ac6d
Версия цивилизационного подхода О.  ШПЕНГЛЕРА;237802;https://hb.ru-msk.vkcs.cloud/sld-prod-cold/55cd98c8-a274-4e5f-aa55-ce2e174899db.pptx?X-Amz-Expires=432000&X-Amz-Algorithm=AWS4-HMAC-SHA256&X-Amz-Credential=4BvAAGxVbRSLB347BK9Xyi/20231101/us-east-1/s3/aws4_request&X-Amz-Date=20231101T133254Z&X-Amz-SignedHeaders=host&X-Amz-Signature=5a2bb6251946bce129299c62530d367f921e3af9fde5072f8d320ddc5d592b09
Праздник середины осени в китае;237801;https://hb.ru-msk.vkcs.cloud/sld-prod-cold/6f6cb138-6d49-439a-8dff-8efe015d3fd1.pptx?X-Amz-Expires=432000&X-Amz-Algorithm=AWS4-HMAC-SHA256&X-Amz-Credential=4BvAAGxVbRSLB347BK9Xyi/20231101/us-east-1/s3/aws4_request&X-Amz-Date=20231101T133254Z&X-Amz-SignedHeaders=host&X-Amz-Signature=0c372930bfc088fe9228297ab5d02c4f93a715b339960dceace5f47cc1e28878
финтех революция и цивилизационная идентичность;999011;https://hb.ru-msk.vkcs.cloud/sld-prod-cold/6748f06e-7773-4d96-86ab-2341a4555ba0.pptx?X-Amz-Expires=432000&X-Amz-Algorithm=AWS4-HMAC-SHA256&X-Amz-Credential=4BvAAGxVbRSLB347BK9Xyi/20231101/us-east-1/s3/aws4_request&X-Amz-Date=20231101T133254Z&X-Amz-SignedHeaders=host&X-Amz-Signature=2043df95306a4d581aea04ddca318a6c44b66283243d19e8f95f7bf339f026b4
Количественная теория денег;237939;https://hb.ru-msk.vkcs.cloud/sld-prod-cold/46dd168f-56a5-436b-960b-6e4a29f6a3ef.pptx?X-Amz-Expires=432000&X-Amz-Algorithm=AWS4-HMAC-SHA256&X-Amz-Credential=4BvAAGxVbRSLB347BK9Xyi/20231101/us-east-1/s3/aws4_request&X-Amz-Date=20231101T133254Z&X-Amz-SignedHeaders=host&X-Amz-Signature=15d4d0e09e5c42f0a396e1be2520543c0434de46dbc93bd7489efb521d41c24e
Образование и религиозность;237939;https://hb.ru-msk.vkcs.cloud/sld-prod-cold/071f437c-7bc5-4d41-bdbf-380e3325d2e7.pptx?X-Amz-Expires=432000&X-Amz-Algorithm=AWS4-HMAC-SHA256&X-Amz-Credential=4BvAAGxVbRSLB347BK9Xyi/20231101/us-east-1/s3/aws4_request&X-Amz-Date=20231101T133254Z&X-Amz-SignedHeaders=host&X-Amz-Signature=25a19e32f845f66650a4575b9d27f1f148e80885e47d3f6ab7449f3d0e94f11e
Иван iii;230618;https://hb.ru-msk.vkcs.cloud/sld-prod-cold/50824d70-fce2-41d5-8fb0-030f987ae45c.pptx?X-Amz-Expires=432000&X-Amz-Algorithm=AWS4-HMAC-SHA256&X-Amz-Credential=4BvAAGxVbRSLB347BK9Xyi/20231101/us-east-1/s3/aws4_request&X-Amz-Date=20231101T133254Z&X-Amz-SignedHeaders=host&X-Amz-Signature=dd692242d4386e2797eace0ba820bda6504ee22f9a91b3d1c90229b83be91d57
